<?xml version="1.0" encoding="UTF-8"?>

<FLOW VERSION="3.0" CLEANUP="true">
  <COMMENT></COMMENT>

  <!-- nodes -->

<SEQUENCE TIMEOUT="" EXIT-ON="SUCCESS">
  <COMMENT>For exception handling.  If an exception occurs within the Mapping Sequence, the Exception Handling Sequence will get executed.</COMMENT>

  <!-- nodes -->

<SEQUENCE TIMEOUT="" EXIT-ON="FAILURE">
  <COMMENT>Mapping sequence</COMMENT>

  <!-- nodes -->

<INVOKE TIMEOUT="" SERVICE="Tutorial.EDItoXML.segmentMapping:DTMsegment" VALIDATE-IN="$none" VALIDATE-OUT="$none">
  <COMMENT></COMMENT>

  <!-- nodes -->

<MAP MODE="INPUT">
</MAP>

<MAP MODE="OUTPUT">
</MAP>
</INVOKE>

<INVOKE TIMEOUT="" SERVICE="Tutorial.EDItoXML.segmentMapping:N1Segment" VALIDATE-IN="$none" VALIDATE-OUT="$none">
  <COMMENT></COMMENT>

  <!-- nodes -->

<MAP MODE="INPUT">
  <MAPTARGET>

<Values version="2.0">
  <record name="xml" javaclass="com.wm.util.Values">
    <value name="node_type">record</value>
    <value name="field_type">record</value>
    <value name="field_dim">0</value>
    <value name="nillable">true</value>
    <array name="rec_fields" type="record" depth="1">
      <record javaclass="com.wm.util.Values">
        <value name="node_type">record</value>
        <record name="node_hints" javaclass="com.wm.util.Values">
          <value name="field_largerEditor">false</value>
          <value name="field_password">false</value>
        </record>
        <value name="field_name">N1</value>
        <value name="field_type">record</value>
        <value name="field_dim">1</value>
        <value name="nillable">true</value>
        <array name="rec_fields" type="record" depth="1">
          <record javaclass="com.wm.util.Values">
            <value name="node_type">unknown</value>
            <value name="field_name">@segment-id</value>
            <value name="field_type">string</value>
            <value name="field_dim">0</value>
            <value name="nillable">true</value>
          </record>
          <record javaclass="com.wm.util.Values">
            <value name="node_type">unknown</value>
            <value name="field_name">@area</value>
            <value name="field_type">string</value>
            <value name="field_dim">0</value>
            <value name="nillable">true</value>
          </record>
          <record javaclass="com.wm.util.Values">
            <value name="node_type">unknown</value>
            <value name="field_name">@position</value>
            <value name="field_type">string</value>
            <value name="field_dim">0</value>
            <value name="nillable">true</value>
          </record>
          <record javaclass="com.wm.util.Values">
            <value name="node_type">record</value>
            <value name="field_name">N101</value>
            <value name="field_type">record</value>
            <value name="field_dim">0</value>
            <value name="nillable">true</value>
            <list name="rec_fields">
            </list>
          </record>
          <record javaclass="com.wm.util.Values">
            <value name="node_type">unknown</value>
            <value name="field_name">N102</value>
            <value name="field_type">string</value>
            <value name="field_dim">0</value>
            <value name="nillable">true</value>
          </record>
          <record javaclass="com.wm.util.Values">
            <value name="node_type">record</value>
            <value name="field_name">N103</value>
            <value name="field_type">record</value>
            <value name="field_dim">0</value>
            <value name="nillable">true</value>
            <list name="rec_fields">
            </list>
          </record>
          <record javaclass="com.wm.util.Values">
            <value name="node_type">unknown</value>
            <value name="field_name">N104</value>
            <value name="field_type">string</value>
            <value name="field_dim">0</value>
            <value name="nillable">true</value>
          </record>
          <record javaclass="com.wm.util.Values">
            <value name="node_type">record</value>
            <value name="field_name">N105</value>
            <value name="field_type">record</value>
            <value name="field_dim">0</value>
            <value name="nillable">true</value>
            <list name="rec_fields">
            </list>
          </record>
          <record javaclass="com.wm.util.Values">
            <value name="node_type">record</value>
            <value name="field_name">N106</value>
            <value name="field_type">record</value>
            <value name="field_dim">0</value>
            <value name="nillable">true</value>
            <list name="rec_fields">
            </list>
          </record>
          <record javaclass="com.wm.util.Values">
            <value name="node_type">record</value>
            <record name="node_hints" javaclass="com.wm.util.Values">
              <value name="field_largerEditor">false</value>
              <value name="field_password">false</value>
            </record>
            <value name="field_name">N2</value>
            <value name="field_type">record</value>
            <value name="field_dim">1</value>
            <value name="field_opt">true</value>
            <value name="nillable">true</value>
            <list name="rec_fields">
            </list>
          </record>
          <record javaclass="com.wm.util.Values">
            <value name="node_type">record</value>
            <record name="node_hints" javaclass="com.wm.util.Values">
              <value name="field_largerEditor">false</value>
              <value name="field_password">false</value>
            </record>
            <value name="field_name">N3</value>
            <value name="field_type">record</value>
            <value name="field_dim">1</value>
            <value name="field_opt">true</value>
            <value name="nillable">true</value>
            <list name="rec_fields">
            </list>
          </record>
          <record javaclass="com.wm.util.Values">
            <value name="node_type">record</value>
            <record name="node_hints" javaclass="com.wm.util.Values">
              <value name="field_largerEditor">false</value>
              <value name="field_password">false</value>
            </record>
            <value name="field_name">N4</value>
            <value name="field_type">record</value>
            <value name="field_dim">1</value>
            <value name="field_opt">true</value>
            <value name="nillable">true</value>
            <list name="rec_fields">
            </list>
          </record>
          <record javaclass="com.wm.util.Values">
            <value name="node_type">record</value>
            <record name="node_hints" javaclass="com.wm.util.Values">
              <value name="field_largerEditor">false</value>
              <value name="field_password">false</value>
            </record>
            <value name="field_name">NX2</value>
            <value name="field_type">record</value>
            <value name="field_dim">1</value>
            <value name="field_opt">true</value>
            <value name="nillable">true</value>
            <list name="rec_fields">
            </list>
          </record>
          <record javaclass="com.wm.util.Values">
            <value name="node_type">record</value>
            <record name="node_hints" javaclass="com.wm.util.Values">
              <value name="field_largerEditor">false</value>
              <value name="field_password">false</value>
            </record>
            <value name="field_name">REF</value>
            <value name="field_type">record</value>
            <value name="field_dim">1</value>
            <value name="field_opt">true</value>
            <value name="nillable">true</value>
            <list name="rec_fields">
            </list>
          </record>
          <record javaclass="com.wm.util.Values">
            <value name="node_type">record</value>
            <record name="node_hints" javaclass="com.wm.util.Values">
              <value name="field_largerEditor">false</value>
              <value name="field_password">false</value>
            </record>
            <value name="field_name">PER</value>
            <value name="field_type">record</value>
            <value name="field_dim">1</value>
            <value name="field_opt">true</value>
            <value name="nillable">true</value>
            <list name="rec_fields">
            </list>
          </record>
          <record javaclass="com.wm.util.Values">
            <value name="node_type">record</value>
            <record name="node_hints" javaclass="com.wm.util.Values">
              <value name="field_largerEditor">false</value>
              <value name="field_password">false</value>
            </record>
            <value name="field_name">SI</value>
            <value name="field_type">record</value>
            <value name="field_dim">1</value>
            <value name="field_opt">true</value>
            <value name="nillable">true</value>
            <list name="rec_fields">
            </list>
          </record>
          <record javaclass="com.wm.util.Values">
            <value name="node_type">record</value>
            <record name="node_hints" javaclass="com.wm.util.Values">
              <value name="field_largerEditor">false</value>
              <value name="field_password">false</value>
            </record>
            <value name="field_name">FOB</value>
            <value name="field_type">record</value>
            <value name="field_dim">0</value>
            <value name="field_opt">true</value>
            <value name="nillable">true</value>
            <list name="rec_fields">
            </list>
          </record>
          <record javaclass="com.wm.util.Values">
            <value name="node_type">record</value>
            <record name="node_hints" javaclass="com.wm.util.Values">
              <value name="field_largerEditor">false</value>
              <value name="field_password">false</value>
            </record>
            <value name="field_name">TD1</value>
            <value name="field_type">record</value>
            <value name="field_dim">1</value>
            <value name="field_opt">true</value>
            <value name="nillable">true</value>
            <list name="rec_fields">
            </list>
          </record>
          <record javaclass="com.wm.util.Values">
            <value name="node_type">record</value>
            <record name="node_hints" javaclass="com.wm.util.Values">
              <value name="field_largerEditor">false</value>
              <value name="field_password">false</value>
            </record>
            <value name="field_name">TD5</value>
            <value name="field_type">record</value>
            <value name="field_dim">1</value>
            <value name="field_opt">true</value>
            <value name="nillable">true</value>
            <list name="rec_fields">
            </list>
          </record>
          <record javaclass="com.wm.util.Values">
            <value name="node_type">record</value>
            <record name="node_hints" javaclass="com.wm.util.Values">
              <value name="field_largerEditor">false</value>
              <value name="field_password">false</value>
            </record>
            <value name="field_name">TD3</value>
            <value name="field_type">record</value>
            <value name="field_dim">1</value>
            <value name="field_opt">true</value>
            <value name="nillable">true</value>
            <list name="rec_fields">
            </list>
          </record>
          <record javaclass="com.wm.util.Values">
            <value name="node_type">record</value>
            <record name="node_hints" javaclass="com.wm.util.Values">
              <value name="field_largerEditor">false</value>
              <value name="field_password">false</value>
            </record>
            <value name="field_name">TD4</value>
            <value name="field_type">record</value>
            <value name="field_dim">1</value>
            <value name="field_opt">true</value>
            <value name="nillable">true</value>
            <list name="rec_fields">
            </list>
          </record>
          <record javaclass="com.wm.util.Values">
            <value name="node_type">record</value>
            <record name="node_hints" javaclass="com.wm.util.Values">
              <value name="field_largerEditor">false</value>
              <value name="field_password">false</value>
            </record>
            <value name="field_name">PKG</value>
            <value name="field_type">record</value>
            <value name="field_dim">1</value>
            <value name="field_opt">true</value>
            <value name="nillable">true</value>
            <list name="rec_fields">
            </list>
          </record>
        </array>
      </record>
    </array>
    <value name="expand">true</value>
  </record>
</Values>
</MAPTARGET>
  <MAPSOURCE>

<Values version="2.0">
  <record name="xml" javaclass="com.wm.util.Values">
    <value name="node_type">record</value>
    <value name="field_type">record</value>
    <value name="field_dim">0</value>
    <value name="nillable">true</value>
    <array name="rec_fields" type="record" depth="1">
      <record javaclass="com.wm.util.Values">
        <value name="node_type">record</value>
        <value name="field_name">EDIValues</value>
        <value name="field_type">recref</value>
        <value name="field_dim">0</value>
        <value name="nillable">true</value>
        <value name="rec_ref">EDIrecords:X12_V4010_T850</value>
      </record>
      <record javaclass="com.wm.util.Values">
        <value name="node_type">record</value>
        <value name="field_name">X12_4010_850</value>
        <value name="field_type">recref</value>
        <value name="field_dim">0</value>
        <value name="nillable">true</value>
        <value name="rec_ref">EDIrecords:X12_V4010_T850</value>
      </record>
      <record javaclass="com.wm.util.Values">
        <value name="node_type">record</value>
        <value name="field_name">OrderRequestDate</value>
        <value name="field_type">string</value>
        <value name="field_dim">0</value>
        <value name="nillable">true</value>
      </record>
      <record javaclass="com.wm.util.Values">
        <value name="node_type">record</value>
        <value name="field_name">OrderRequestTime</value>
        <value name="field_type">string</value>
        <value name="field_dim">0</value>
        <value name="nillable">true</value>
      </record>
      <record javaclass="com.wm.util.Values">
        <value name="node_type">record</value>
        <value name="field_name">RequestedDeliveryDate</value>
        <value name="field_type">string</value>
        <value name="field_dim">0</value>
        <value name="nillable">true</value>
      </record>
      <record javaclass="com.wm.util.Values">
        <value name="node_type">record</value>
        <value name="field_name">RequestedDeliveryTime</value>
        <value name="field_type">string</value>
        <value name="field_dim">0</value>
        <value name="nillable">true</value>
      </record>
      <record javaclass="com.wm.util.Values">
        <value name="node_type">record</value>
        <value name="field_name">ChargeCardExpirationDate</value>
        <value name="field_type">string</value>
        <value name="field_dim">0</value>
        <value name="nillable">true</value>
      </record>
    </array>
    <value name="expand">true</value>
  </record>
</Values>
</MAPSOURCE>

  <!-- nodes -->

<MAPCOPY NAME="Link" FROM="/EDIValues;4;0;EDIrecords:X12_V4010_T850/ST;2;0/N1;2;1" TO="/N1;2;1">
</MAPCOPY>
</MAP>

<MAP MODE="OUTPUT">
  <MAPTARGET>

<Values version="2.0">
  <record name="xml" javaclass="com.wm.util.Values">
    <value name="node_type">record</value>
    <value name="field_type">record</value>
    <value name="field_dim">0</value>
    <value name="nillable">true</value>
    <array name="rec_fields" type="record" depth="1">
      <record javaclass="com.wm.util.Values">
        <value name="node_type">record</value>
        <value name="field_name">N1</value>
        <value name="field_type">record</value>
        <value name="field_dim">1</value>
        <value name="nillable">true</value>
        <list name="rec_fields">
        </list>
      </record>
      <record javaclass="com.wm.util.Values">
        <value name="node_type">record</value>
        <value name="field_name">EDIValues</value>
        <value name="field_type">recref</value>
        <value name="field_dim">0</value>
        <value name="nillable">true</value>
        <value name="rec_ref">EDIrecords:X12_V4010_T850</value>
      </record>
      <record javaclass="com.wm.util.Values">
        <value name="node_type">record</value>
        <value name="field_name">X12_4010_850</value>
        <value name="field_type">recref</value>
        <value name="field_dim">0</value>
        <value name="nillable">true</value>
        <value name="rec_ref">EDIrecords:X12_V4010_T850</value>
      </record>
      <record javaclass="com.wm.util.Values">
        <value name="node_type">record</value>
        <value name="field_name">OrderRequestDate</value>
        <value name="field_type">string</value>
        <value name="field_dim">0</value>
        <value name="nillable">true</value>
      </record>
      <record javaclass="com.wm.util.Values">
        <value name="node_type">record</value>
        <value name="field_name">OrderRequestTime</value>
        <value name="field_type">string</value>
        <value name="field_dim">0</value>
        <value name="nillable">true</value>
      </record>
      <record javaclass="com.wm.util.Values">
        <value name="node_type">record</value>
        <value name="field_name">RequestedDeliveryDate</value>
        <value name="field_type">string</value>
        <value name="field_dim">0</value>
        <value name="nillable">true</value>
      </record>
      <record javaclass="com.wm.util.Values">
        <value name="node_type">record</value>
        <value name="field_name">RequestedDeliveryTime</value>
        <value name="field_type">string</value>
        <value name="field_dim">0</value>
        <value name="nillable">true</value>
      </record>
      <record javaclass="com.wm.util.Values">
        <value name="node_type">record</value>
        <value name="field_name">ChargeCardExpirationDate</value>
        <value name="field_type">string</value>
        <value name="field_dim">0</value>
        <value name="nillable">true</value>
      </record>
      <record javaclass="com.wm.util.Values">
        <value name="node_type">record</value>
        <value name="field_name">ID</value>
        <value name="field_type">record</value>
        <value name="field_dim">0</value>
        <value name="nillable">true</value>
        <list name="rec_fields">
        </list>
      </record>
    </array>
    <value name="expand">true</value>
  </record>
</Values>
</MAPTARGET>
  <MAPSOURCE>

<Values version="2.0">
  <record name="xml" javaclass="com.wm.util.Values">
    <value name="node_type">record</value>
    <value name="field_type">record</value>
    <value name="field_dim">0</value>
    <value name="nillable">true</value>
    <list name="rec_fields">
    </list>
    <value name="expand">true</value>
  </record>
</Values>
</MAPSOURCE>

  <!-- nodes -->

<MAPDELETE NAME="MapDelete" FIELD="/N1;2;1">
</MAPDELETE>
</MAP>
</INVOKE>

<INVOKE TIMEOUT="" SERVICE="Tutorial.EDItoXML.segmentMapping:PO1Segment" VALIDATE-IN="$none" VALIDATE-OUT="$none">
  <COMMENT></COMMENT>

  <!-- nodes -->

<MAP MODE="INPUT">
  <MAPTARGET>

<Values version="2.0">
  <record name="xml" javaclass="com.wm.util.Values">
    <value name="node_type">record</value>
    <value name="field_type">record</value>
    <value name="field_dim">0</value>
    <value name="nillable">true</value>
    <array name="rec_fields" type="record" depth="1">
      <record javaclass="com.wm.util.Values">
        <value name="node_type">record</value>
        <value name="field_name">PO1</value>
        <value name="field_type">record</value>
        <value name="field_dim">1</value>
        <value name="nillable">true</value>
        <array name="rec_fields" type="record" depth="1">
          <record javaclass="com.wm.util.Values">
            <value name="node_type">unknown</value>
            <value name="field_name">@segment-id</value>
            <value name="field_type">string</value>
            <value name="field_dim">0</value>
            <value name="nillable">true</value>
          </record>
          <record javaclass="com.wm.util.Values">
            <value name="node_type">unknown</value>
            <value name="field_name">@area</value>
            <value name="field_type">string</value>
            <value name="field_dim">0</value>
            <value name="nillable">true</value>
          </record>
          <record javaclass="com.wm.util.Values">
            <value name="node_type">unknown</value>
            <value name="field_name">@position</value>
            <value name="field_type">string</value>
            <value name="field_dim">0</value>
            <value name="nillable">true</value>
          </record>
          <record javaclass="com.wm.util.Values">
            <value name="node_type">unknown</value>
            <value name="field_name">PO101</value>
            <value name="field_type">string</value>
            <value name="field_dim">0</value>
            <value name="nillable">true</value>
          </record>
          <record javaclass="com.wm.util.Values">
            <value name="node_type">unknown</value>
            <value name="field_name">PO102</value>
            <value name="field_type">string</value>
            <value name="field_dim">0</value>
            <value name="nillable">true</value>
          </record>
          <record javaclass="com.wm.util.Values">
            <value name="node_type">record</value>
            <value name="field_name">PO103</value>
            <value name="field_type">record</value>
            <value name="field_dim">0</value>
            <value name="nillable">true</value>
            <list name="rec_fields">
            </list>
          </record>
          <record javaclass="com.wm.util.Values">
            <value name="node_type">unknown</value>
            <value name="field_name">PO104</value>
            <value name="field_type">string</value>
            <value name="field_dim">0</value>
            <value name="nillable">true</value>
          </record>
          <record javaclass="com.wm.util.Values">
            <value name="node_type">record</value>
            <value name="field_name">PO105</value>
            <value name="field_type">record</value>
            <value name="field_dim">0</value>
            <value name="nillable">true</value>
            <list name="rec_fields">
            </list>
          </record>
          <record javaclass="com.wm.util.Values">
            <value name="node_type">record</value>
            <value name="field_name">PO106</value>
            <value name="field_type">record</value>
            <value name="field_dim">0</value>
            <value name="nillable">true</value>
            <list name="rec_fields">
            </list>
          </record>
          <record javaclass="com.wm.util.Values">
            <value name="node_type">unknown</value>
            <value name="field_name">PO107</value>
            <value name="field_type">string</value>
            <value name="field_dim">0</value>
            <value name="nillable">true</value>
          </record>
          <record javaclass="com.wm.util.Values">
            <value name="node_type">record</value>
            <value name="field_name">PO108</value>
            <value name="field_type">record</value>
            <value name="field_dim">0</value>
            <value name="nillable">true</value>
            <list name="rec_fields">
            </list>
          </record>
          <record javaclass="com.wm.util.Values">
            <value name="node_type">unknown</value>
            <value name="field_name">PO109</value>
            <value name="field_type">string</value>
            <value name="field_dim">0</value>
            <value name="nillable">true</value>
          </record>
          <record javaclass="com.wm.util.Values">
            <value name="node_type">record</value>
            <value name="field_name">PO110</value>
            <value name="field_type">record</value>
            <value name="field_dim">0</value>
            <value name="nillable">true</value>
            <list name="rec_fields">
            </list>
          </record>
          <record javaclass="com.wm.util.Values">
            <value name="node_type">unknown</value>
            <value name="field_name">PO111</value>
            <value name="field_type">string</value>
            <value name="field_dim">0</value>
            <value name="nillable">true</value>
          </record>
          <record javaclass="com.wm.util.Values">
            <value name="node_type">record</value>
            <value name="field_name">PO112</value>
            <value name="field_type">record</value>
            <value name="field_dim">0</value>
            <value name="nillable">true</value>
            <list name="rec_fields">
            </list>
          </record>
          <record javaclass="com.wm.util.Values">
            <value name="node_type">unknown</value>
            <value name="field_name">PO113</value>
            <value name="field_type">string</value>
            <value name="field_dim">0</value>
            <value name="nillable">true</value>
          </record>
          <record javaclass="com.wm.util.Values">
            <value name="node_type">record</value>
            <value name="field_name">PO114</value>
            <value name="field_type">record</value>
            <value name="field_dim">0</value>
            <value name="nillable">true</value>
            <list name="rec_fields">
            </list>
          </record>
          <record javaclass="com.wm.util.Values">
            <value name="node_type">unknown</value>
            <value name="field_name">PO115</value>
            <value name="field_type">string</value>
            <value name="field_dim">0</value>
            <value name="nillable">true</value>
          </record>
          <record javaclass="com.wm.util.Values">
            <value name="node_type">record</value>
            <value name="field_name">PO116</value>
            <value name="field_type">record</value>
            <value name="field_dim">0</value>
            <value name="nillable">true</value>
            <list name="rec_fields">
            </list>
          </record>
          <record javaclass="com.wm.util.Values">
            <value name="node_type">unknown</value>
            <value name="field_name">PO117</value>
            <value name="field_type">string</value>
            <value name="field_dim">0</value>
            <value name="nillable">true</value>
          </record>
          <record javaclass="com.wm.util.Values">
            <value name="node_type">record</value>
            <value name="field_name">PO118</value>
            <value name="field_type">record</value>
            <value name="field_dim">0</value>
            <value name="nillable">true</value>
            <list name="rec_fields">
            </list>
          </record>
          <record javaclass="com.wm.util.Values">
            <value name="node_type">unknown</value>
            <value name="field_name">PO119</value>
            <value name="field_type">string</value>
            <value name="field_dim">0</value>
            <value name="nillable">true</value>
          </record>
          <record javaclass="com.wm.util.Values">
            <value name="node_type">record</value>
            <value name="field_name">PO120</value>
            <value name="field_type">record</value>
            <value name="field_dim">0</value>
            <value name="nillable">true</value>
            <list name="rec_fields">
            </list>
          </record>
          <record javaclass="com.wm.util.Values">
            <value name="node_type">unknown</value>
            <value name="field_name">PO121</value>
            <value name="field_type">string</value>
            <value name="field_dim">0</value>
            <value name="nillable">true</value>
          </record>
          <record javaclass="com.wm.util.Values">
            <value name="node_type">record</value>
            <value name="field_name">PO122</value>
            <value name="field_type">record</value>
            <value name="field_dim">0</value>
            <value name="nillable">true</value>
            <list name="rec_fields">
            </list>
          </record>
          <record javaclass="com.wm.util.Values">
            <value name="node_type">unknown</value>
            <value name="field_name">PO123</value>
            <value name="field_type">string</value>
            <value name="field_dim">0</value>
            <value name="nillable">true</value>
          </record>
          <record javaclass="com.wm.util.Values">
            <value name="node_type">record</value>
            <value name="field_name">PO124</value>
            <value name="field_type">record</value>
            <value name="field_dim">0</value>
            <value name="nillable">true</value>
            <list name="rec_fields">
            </list>
          </record>
          <record javaclass="com.wm.util.Values">
            <value name="node_type">unknown</value>
            <value name="field_name">PO125</value>
            <value name="field_type">string</value>
            <value name="field_dim">0</value>
            <value name="nillable">true</value>
          </record>
          <record javaclass="com.wm.util.Values">
            <value name="node_type">record</value>
            <value name="field_name">LIN</value>
            <value name="field_type">record</value>
            <value name="field_dim">1</value>
            <value name="nillable">true</value>
            <list name="rec_fields">
            </list>
          </record>
          <record javaclass="com.wm.util.Values">
            <value name="node_type">record</value>
            <value name="field_name">SI</value>
            <value name="field_type">record</value>
            <value name="field_dim">1</value>
            <value name="nillable">true</value>
            <list name="rec_fields">
            </list>
          </record>
          <record javaclass="com.wm.util.Values">
            <value name="node_type">record</value>
            <value name="field_name">CUR</value>
            <value name="field_type">record</value>
            <value name="field_dim">0</value>
            <value name="nillable">true</value>
            <list name="rec_fields">
            </list>
          </record>
          <record javaclass="com.wm.util.Values">
            <value name="node_type">record</value>
            <value name="field_name">CN1</value>
            <value name="field_type">record</value>
            <value name="field_dim">0</value>
            <value name="nillable">true</value>
            <list name="rec_fields">
            </list>
          </record>
          <record javaclass="com.wm.util.Values">
            <value name="node_type">record</value>
            <value name="field_name">PO3</value>
            <value name="field_type">record</value>
            <value name="field_dim">1</value>
            <value name="nillable">true</value>
            <list name="rec_fields">
            </list>
          </record>
          <record javaclass="com.wm.util.Values">
            <value name="node_type">record</value>
            <value name="field_name">CTP</value>
            <value name="field_type">record</value>
            <value name="field_dim">1</value>
            <value name="nillable">true</value>
            <list name="rec_fields">
            </list>
          </record>
          <record javaclass="com.wm.util.Values">
            <value name="node_type">record</value>
            <value name="field_name">PAM</value>
            <value name="field_type">record</value>
            <value name="field_dim">1</value>
            <value name="nillable">true</value>
            <list name="rec_fields">
            </list>
          </record>
          <record javaclass="com.wm.util.Values">
            <value name="node_type">record</value>
            <value name="field_name">MEA</value>
            <value name="field_type">record</value>
            <value name="field_dim">1</value>
            <value name="nillable">true</value>
            <list name="rec_fields">
            </list>
          </record>
          <record javaclass="com.wm.util.Values">
            <value name="node_type">record</value>
            <value name="field_name">PID</value>
            <value name="field_type">record</value>
            <value name="field_dim">1</value>
            <value name="nillable">true</value>
            <list name="rec_fields">
            </list>
          </record>
          <record javaclass="com.wm.util.Values">
            <value name="node_type">record</value>
            <value name="field_name">PWK</value>
            <value name="field_type">record</value>
            <value name="field_dim">1</value>
            <value name="nillable">true</value>
            <list name="rec_fields">
            </list>
          </record>
          <record javaclass="com.wm.util.Values">
            <value name="node_type">record</value>
            <value name="field_name">PO4</value>
            <value name="field_type">record</value>
            <value name="field_dim">1</value>
            <value name="nillable">true</value>
            <list name="rec_fields">
            </list>
          </record>
          <record javaclass="com.wm.util.Values">
            <value name="node_type">record</value>
            <value name="field_name">REF</value>
            <value name="field_type">record</value>
            <value name="field_dim">1</value>
            <value name="nillable">true</value>
            <list name="rec_fields">
            </list>
          </record>
          <record javaclass="com.wm.util.Values">
            <value name="node_type">record</value>
            <value name="field_name">PER</value>
            <value name="field_type">record</value>
            <value name="field_dim">1</value>
            <value name="nillable">true</value>
            <list name="rec_fields">
            </list>
          </record>
          <record javaclass="com.wm.util.Values">
            <value name="node_type">record</value>
            <value name="field_name">SAC</value>
            <value name="field_type">record</value>
            <value name="field_dim">1</value>
            <value name="nillable">true</value>
            <list name="rec_fields">
            </list>
          </record>
          <record javaclass="com.wm.util.Values">
            <value name="node_type">record</value>
            <value name="field_name">IT8</value>
            <value name="field_type">record</value>
            <value name="field_dim">0</value>
            <value name="nillable">true</value>
            <list name="rec_fields">
            </list>
          </record>
          <record javaclass="com.wm.util.Values">
            <value name="node_type">record</value>
            <value name="field_name">CSH</value>
            <value name="field_type">record</value>
            <value name="field_dim">1</value>
            <value name="nillable">true</value>
            <list name="rec_fields">
            </list>
          </record>
          <record javaclass="com.wm.util.Values">
            <value name="node_type">record</value>
            <value name="field_name">ITD</value>
            <value name="field_type">record</value>
            <value name="field_dim">1</value>
            <value name="nillable">true</value>
            <list name="rec_fields">
            </list>
          </record>
          <record javaclass="com.wm.util.Values">
            <value name="node_type">record</value>
            <value name="field_name">DIS</value>
            <value name="field_type">record</value>
            <value name="field_dim">1</value>
            <value name="nillable">true</value>
            <list name="rec_fields">
            </list>
          </record>
          <record javaclass="com.wm.util.Values">
            <value name="node_type">record</value>
            <value name="field_name">INC</value>
            <value name="field_type">record</value>
            <value name="field_dim">0</value>
            <value name="nillable">true</value>
            <list name="rec_fields">
            </list>
          </record>
          <record javaclass="com.wm.util.Values">
            <value name="node_type">record</value>
            <value name="field_name">TAX</value>
            <value name="field_type">record</value>
            <value name="field_dim">1</value>
            <value name="nillable">true</value>
            <list name="rec_fields">
            </list>
          </record>
          <record javaclass="com.wm.util.Values">
            <value name="node_type">record</value>
            <value name="field_name">FOB</value>
            <value name="field_type">record</value>
            <value name="field_dim">1</value>
            <value name="nillable">true</value>
            <list name="rec_fields">
            </list>
          </record>
          <record javaclass="com.wm.util.Values">
            <value name="node_type">record</value>
            <value name="field_name">SDQ</value>
            <value name="field_type">record</value>
            <value name="field_dim">1</value>
            <value name="nillable">true</value>
            <list name="rec_fields">
            </list>
          </record>
          <record javaclass="com.wm.util.Values">
            <value name="node_type">record</value>
            <value name="field_name">IT3</value>
            <value name="field_type">record</value>
            <value name="field_dim">1</value>
            <value name="nillable">true</value>
            <list name="rec_fields">
            </list>
          </record>
          <record javaclass="com.wm.util.Values">
            <value name="node_type">record</value>
            <value name="field_name">DTM</value>
            <value name="field_type">record</value>
            <value name="field_dim">1</value>
            <value name="nillable">true</value>
            <list name="rec_fields">
            </list>
          </record>
          <record javaclass="com.wm.util.Values">
            <value name="node_type">record</value>
            <value name="field_name">TC2</value>
            <value name="field_type">record</value>
            <value name="field_dim">1</value>
            <value name="nillable">true</value>
            <list name="rec_fields">
            </list>
          </record>
          <record javaclass="com.wm.util.Values">
            <value name="node_type">record</value>
            <value name="field_name">TD1</value>
            <value name="field_type">record</value>
            <value name="field_dim">0</value>
            <value name="nillable">true</value>
            <list name="rec_fields">
            </list>
          </record>
          <record javaclass="com.wm.util.Values">
            <value name="node_type">record</value>
            <value name="field_name">TD5</value>
            <value name="field_type">record</value>
            <value name="field_dim">1</value>
            <value name="nillable">true</value>
            <list name="rec_fields">
            </list>
          </record>
          <record javaclass="com.wm.util.Values">
            <value name="node_type">record</value>
            <value name="field_name">TD3</value>
            <value name="field_type">record</value>
            <value name="field_dim">1</value>
            <value name="nillable">true</value>
            <list name="rec_fields">
            </list>
          </record>
          <record javaclass="com.wm.util.Values">
            <value name="node_type">record</value>
            <value name="field_name">TD4</value>
            <value name="field_type">record</value>
            <value name="field_dim">1</value>
            <value name="nillable">true</value>
            <list name="rec_fields">
            </list>
          </record>
          <record javaclass="com.wm.util.Values">
            <value name="node_type">record</value>
            <value name="field_name">PCT</value>
            <value name="field_type">record</value>
            <value name="field_dim">1</value>
            <value name="nillable">true</value>
            <list name="rec_fields">
            </list>
          </record>
          <record javaclass="com.wm.util.Values">
            <value name="node_type">record</value>
            <value name="field_name">MAN</value>
            <value name="field_type">record</value>
            <value name="field_dim">1</value>
            <value name="nillable">true</value>
            <list name="rec_fields">
            </list>
          </record>
          <record javaclass="com.wm.util.Values">
            <value name="node_type">record</value>
            <value name="field_name">MSG</value>
            <value name="field_type">record</value>
            <value name="field_dim">1</value>
            <value name="nillable">true</value>
            <list name="rec_fields">
            </list>
          </record>
          <record javaclass="com.wm.util.Values">
            <value name="node_type">record</value>
            <value name="field_name">SPI</value>
            <value name="field_type">record</value>
            <value name="field_dim">1</value>
            <value name="nillable">true</value>
            <list name="rec_fields">
            </list>
          </record>
          <record javaclass="com.wm.util.Values">
            <value name="node_type">record</value>
            <value name="field_name">TXI</value>
            <value name="field_type">record</value>
            <value name="field_dim">1</value>
            <value name="nillable">true</value>
            <list name="rec_fields">
            </list>
          </record>
          <record javaclass="com.wm.util.Values">
            <value name="node_type">record</value>
            <value name="field_name">CTB</value>
            <value name="field_type">record</value>
            <value name="field_dim">1</value>
            <value name="nillable">true</value>
            <list name="rec_fields">
            </list>
          </record>
          <record javaclass="com.wm.util.Values">
            <value name="node_type">record</value>
            <value name="field_name">QTY</value>
            <value name="field_type">record</value>
            <value name="field_dim">1</value>
            <value name="nillable">true</value>
            <list name="rec_fields">
            </list>
          </record>
          <record javaclass="com.wm.util.Values">
            <value name="node_type">record</value>
            <value name="field_name">SCH</value>
            <value name="field_type">record</value>
            <value name="field_dim">1</value>
            <value name="nillable">true</value>
            <list name="rec_fields">
            </list>
          </record>
          <record javaclass="com.wm.util.Values">
            <value name="node_type">record</value>
            <value name="field_name">PKG</value>
            <value name="field_type">record</value>
            <value name="field_dim">1</value>
            <value name="nillable">true</value>
            <list name="rec_fields">
            </list>
          </record>
          <record javaclass="com.wm.util.Values">
            <value name="node_type">record</value>
            <value name="field_name">LS</value>
            <value name="field_type">record</value>
            <value name="field_dim">0</value>
            <value name="nillable">true</value>
            <list name="rec_fields">
            </list>
          </record>
          <record javaclass="com.wm.util.Values">
            <value name="node_type">record</value>
            <value name="field_name">LDT</value>
            <value name="field_type">record</value>
            <value name="field_dim">1</value>
            <value name="nillable">true</value>
            <list name="rec_fields">
            </list>
          </record>
          <record javaclass="com.wm.util.Values">
            <value name="node_type">record</value>
            <value name="field_name">LE</value>
            <value name="field_type">record</value>
            <value name="field_dim">0</value>
            <value name="nillable">true</value>
            <list name="rec_fields">
            </list>
          </record>
          <record javaclass="com.wm.util.Values">
            <value name="node_type">record</value>
            <value name="field_name">N9</value>
            <value name="field_type">record</value>
            <value name="field_dim">1</value>
            <value name="nillable">true</value>
            <list name="rec_fields">
            </list>
          </record>
          <record javaclass="com.wm.util.Values">
            <value name="node_type">record</value>
            <value name="field_name">N1</value>
            <value name="field_type">record</value>
            <value name="field_dim">1</value>
            <value name="nillable">true</value>
            <list name="rec_fields">
            </list>
          </record>
          <record javaclass="com.wm.util.Values">
            <value name="node_type">record</value>
            <value name="field_name">SLN</value>
            <value name="field_type">record</value>
            <value name="field_dim">1</value>
            <value name="nillable">true</value>
            <list name="rec_fields">
            </list>
          </record>
          <record javaclass="com.wm.util.Values">
            <value name="node_type">record</value>
            <value name="field_name">AMT</value>
            <value name="field_type">record</value>
            <value name="field_dim">1</value>
            <value name="nillable">true</value>
            <list name="rec_fields">
            </list>
          </record>
          <record javaclass="com.wm.util.Values">
            <value name="node_type">record</value>
            <value name="field_name">LM</value>
            <value name="field_type">record</value>
            <value name="field_dim">1</value>
            <value name="nillable">true</value>
            <list name="rec_fields">
            </list>
          </record>
        </array>
      </record>
    </array>
    <value name="expand">true</value>
  </record>
</Values>
</MAPTARGET>
  <MAPSOURCE>

<Values version="2.0">
  <record name="xml" javaclass="com.wm.util.Values">
    <value name="node_type">record</value>
    <value name="field_type">record</value>
    <value name="field_dim">0</value>
    <value name="nillable">true</value>
    <array name="rec_fields" type="record" depth="1">
      <record javaclass="com.wm.util.Values">
        <value name="node_type">record</value>
        <value name="field_name">EDIValues</value>
        <value name="field_type">recref</value>
        <value name="field_dim">0</value>
        <value name="nillable">true</value>
        <value name="rec_ref">EDIrecords:X12_V4010_T850</value>
      </record>
      <record javaclass="com.wm.util.Values">
        <value name="node_type">record</value>
        <value name="field_name">X12_4010_850</value>
        <value name="field_type">recref</value>
        <value name="field_dim">0</value>
        <value name="nillable">true</value>
        <value name="rec_ref">EDIrecords:X12_V4010_T850</value>
      </record>
      <record javaclass="com.wm.util.Values">
        <value name="node_type">record</value>
        <value name="field_name">OrderRequestDate</value>
        <value name="field_type">string</value>
        <value name="field_dim">0</value>
        <value name="nillable">true</value>
      </record>
      <record javaclass="com.wm.util.Values">
        <value name="node_type">record</value>
        <value name="field_name">OrderRequestTime</value>
        <value name="field_type">string</value>
        <value name="field_dim">0</value>
        <value name="nillable">true</value>
      </record>
      <record javaclass="com.wm.util.Values">
        <value name="node_type">record</value>
        <value name="field_name">RequestedDeliveryDate</value>
        <value name="field_type">string</value>
        <value name="field_dim">0</value>
        <value name="nillable">true</value>
      </record>
      <record javaclass="com.wm.util.Values">
        <value name="node_type">record</value>
        <value name="field_name">RequestedDeliveryTime</value>
        <value name="field_type">string</value>
        <value name="field_dim">0</value>
        <value name="nillable">true</value>
      </record>
      <record javaclass="com.wm.util.Values">
        <value name="node_type">record</value>
        <value name="field_name">ChargeCardExpirationDate</value>
        <value name="field_type">string</value>
        <value name="field_dim">0</value>
        <value name="nillable">true</value>
      </record>
      <record javaclass="com.wm.util.Values">
        <value name="node_type">record</value>
        <value name="field_name">ID</value>
        <value name="field_type">record</value>
        <value name="field_dim">0</value>
        <value name="nillable">true</value>
        <list name="rec_fields">
        </list>
      </record>
    </array>
    <value name="expand">true</value>
  </record>
</Values>
</MAPSOURCE>

  <!-- nodes -->

<MAPCOPY NAME="Link" FROM="/EDIValues;4;0;EDIrecords:X12_V4010_T850/ST;2;0/PO1;2;1" TO="/PO1;2;1">
</MAPCOPY>
</MAP>

<MAP MODE="OUTPUT">
  <MAPTARGET>

<Values version="2.0">
  <record name="xml" javaclass="com.wm.util.Values">
    <value name="node_type">record</value>
    <value name="field_type">record</value>
    <value name="field_dim">0</value>
    <value name="nillable">true</value>
    <array name="rec_fields" type="record" depth="1">
      <record javaclass="com.wm.util.Values">
        <value name="node_type">record</value>
        <value name="field_name">PO1</value>
        <value name="field_type">record</value>
        <value name="field_dim">1</value>
        <value name="nillable">true</value>
        <list name="rec_fields">
        </list>
      </record>
      <record javaclass="com.wm.util.Values">
        <value name="node_type">record</value>
        <value name="field_name">EDIValues</value>
        <value name="field_type">recref</value>
        <value name="field_dim">0</value>
        <value name="nillable">true</value>
        <value name="rec_ref">EDIrecords:X12_V4010_T850</value>
      </record>
      <record javaclass="com.wm.util.Values">
        <value name="node_type">record</value>
        <value name="field_name">X12_4010_850</value>
        <value name="field_type">recref</value>
        <value name="field_dim">0</value>
        <value name="nillable">true</value>
        <value name="rec_ref">EDIrecords:X12_V4010_T850</value>
      </record>
      <record javaclass="com.wm.util.Values">
        <value name="node_type">record</value>
        <value name="field_name">OrderRequestDate</value>
        <value name="field_type">string</value>
        <value name="field_dim">0</value>
        <value name="nillable">true</value>
      </record>
      <record javaclass="com.wm.util.Values">
        <value name="node_type">record</value>
        <value name="field_name">OrderRequestTime</value>
        <value name="field_type">string</value>
        <value name="field_dim">0</value>
        <value name="nillable">true</value>
      </record>
      <record javaclass="com.wm.util.Values">
        <value name="node_type">record</value>
        <value name="field_name">RequestedDeliveryDate</value>
        <value name="field_type">string</value>
        <value name="field_dim">0</value>
        <value name="nillable">true</value>
      </record>
      <record javaclass="com.wm.util.Values">
        <value name="node_type">record</value>
        <value name="field_name">RequestedDeliveryTime</value>
        <value name="field_type">string</value>
        <value name="field_dim">0</value>
        <value name="nillable">true</value>
      </record>
      <record javaclass="com.wm.util.Values">
        <value name="node_type">record</value>
        <value name="field_name">ChargeCardExpirationDate</value>
        <value name="field_type">string</value>
        <value name="field_dim">0</value>
        <value name="nillable">true</value>
      </record>
      <record javaclass="com.wm.util.Values">
        <value name="node_type">record</value>
        <value name="field_name">ID</value>
        <value name="field_type">record</value>
        <value name="field_dim">0</value>
        <value name="nillable">true</value>
        <list name="rec_fields">
        </list>
      </record>
      <record javaclass="com.wm.util.Values">
        <value name="node_type">record</value>
        <value name="field_name">Items</value>
        <value name="field_type">record</value>
        <value name="field_dim">1</value>
        <value name="nillable">true</value>
        <list name="rec_fields">
        </list>
      </record>
    </array>
    <value name="expand">true</value>
  </record>
</Values>
</MAPTARGET>
  <MAPSOURCE>

<Values version="2.0">
  <record name="xml" javaclass="com.wm.util.Values">
    <value name="node_type">record</value>
    <value name="field_type">record</value>
    <value name="field_dim">0</value>
    <value name="nillable">true</value>
    <list name="rec_fields">
    </list>
    <value name="expand">true</value>
  </record>
</Values>
</MAPSOURCE>

  <!-- nodes -->

<MAPDELETE NAME="MapDelete" FIELD="/PO1;2;1">
</MAPDELETE>
</MAP>
</INVOKE>

<INVOKE TIMEOUT="" SERVICE="Tutorial.EDItoXML.segmentMapping:REFSegment" VALIDATE-IN="$none" VALIDATE-OUT="$none">
  <COMMENT></COMMENT>

  <!-- nodes -->

<MAP MODE="INPUT">
  <MAPTARGET>

<Values version="2.0">
  <record name="xml" javaclass="com.wm.util.Values">
    <value name="node_type">record</value>
    <value name="field_type">record</value>
    <value name="field_dim">0</value>
    <value name="nillable">true</value>
    <array name="rec_fields" type="record" depth="1">
      <record javaclass="com.wm.util.Values">
        <value name="node_type">record</value>
        <value name="field_name">REF</value>
        <value name="field_type">record</value>
        <value name="field_dim">1</value>
        <value name="nillable">true</value>
        <array name="rec_fields" type="record" depth="1">
          <record javaclass="com.wm.util.Values">
            <value name="node_type">unknown</value>
            <value name="field_name">@segment-id</value>
            <value name="field_type">string</value>
            <value name="field_dim">0</value>
            <value name="nillable">true</value>
          </record>
          <record javaclass="com.wm.util.Values">
            <value name="node_type">unknown</value>
            <value name="field_name">@area</value>
            <value name="field_type">string</value>
            <value name="field_dim">0</value>
            <value name="nillable">true</value>
          </record>
          <record javaclass="com.wm.util.Values">
            <value name="node_type">unknown</value>
            <value name="field_name">@position</value>
            <value name="field_type">string</value>
            <value name="field_dim">0</value>
            <value name="nillable">true</value>
          </record>
          <record javaclass="com.wm.util.Values">
            <value name="node_type">record</value>
            <value name="field_name">REF01</value>
            <value name="field_type">record</value>
            <value name="field_dim">0</value>
            <value name="nillable">true</value>
            <list name="rec_fields">
            </list>
          </record>
          <record javaclass="com.wm.util.Values">
            <value name="node_type">unknown</value>
            <value name="field_name">REF02</value>
            <value name="field_type">string</value>
            <value name="field_dim">0</value>
            <value name="nillable">true</value>
          </record>
          <record javaclass="com.wm.util.Values">
            <value name="node_type">record</value>
            <value name="field_name">REF03</value>
            <value name="field_type">record</value>
            <value name="field_dim">0</value>
            <value name="nillable">true</value>
            <list name="rec_fields">
            </list>
          </record>
          <record javaclass="com.wm.util.Values">
            <value name="node_type">record</value>
            <value name="field_name">REF04</value>
            <value name="field_type">record</value>
            <value name="field_dim">0</value>
            <value name="nillable">true</value>
            <list name="rec_fields">
            </list>
          </record>
        </array>
      </record>
    </array>
    <value name="expand">true</value>
  </record>
</Values>
</MAPTARGET>
  <MAPSOURCE>

<Values version="2.0">
  <record name="xml" javaclass="com.wm.util.Values">
    <value name="node_type">record</value>
    <value name="field_type">record</value>
    <value name="field_dim">0</value>
    <value name="nillable">true</value>
    <array name="rec_fields" type="record" depth="1">
      <record javaclass="com.wm.util.Values">
        <value name="node_type">record</value>
        <value name="field_name">X12_4010_850</value>
        <value name="field_type">recref</value>
        <value name="field_dim">0</value>
        <value name="nillable">true</value>
        <value name="rec_ref">EDIrecords:X12_V4010_T850</value>
      </record>
      <record javaclass="com.wm.util.Values">
        <value name="node_type">record</value>
        <value name="field_name">EDIValues</value>
        <value name="field_type">recref</value>
        <value name="field_dim">0</value>
        <value name="nillable">true</value>
        <value name="rec_ref">EDIrecords:X12_V4010_T850</value>
      </record>
      <record javaclass="com.wm.util.Values">
        <value name="node_type">record</value>
        <value name="field_name">OrderRequestDate</value>
        <value name="field_type">string</value>
        <value name="field_dim">0</value>
        <value name="nillable">true</value>
      </record>
      <record javaclass="com.wm.util.Values">
        <value name="node_type">record</value>
        <value name="field_name">OrderRequestTime</value>
        <value name="field_type">string</value>
        <value name="field_dim">0</value>
        <value name="nillable">true</value>
      </record>
      <record javaclass="com.wm.util.Values">
        <value name="node_type">record</value>
        <value name="field_name">RequestedDeliveryDate</value>
        <value name="field_type">string</value>
        <value name="field_dim">0</value>
        <value name="nillable">true</value>
      </record>
      <record javaclass="com.wm.util.Values">
        <value name="node_type">record</value>
        <value name="field_name">RequestedDeliveryTime</value>
        <value name="field_type">string</value>
        <value name="field_dim">0</value>
        <value name="nillable">true</value>
      </record>
      <record javaclass="com.wm.util.Values">
        <value name="node_type">record</value>
        <value name="field_name">ChargeCardExpirationDate</value>
        <value name="field_type">string</value>
        <value name="field_dim">0</value>
        <value name="nillable">true</value>
      </record>
      <record javaclass="com.wm.util.Values">
        <value name="node_type">record</value>
        <value name="field_name">ID</value>
        <value name="field_type">record</value>
        <value name="field_dim">0</value>
        <value name="nillable">true</value>
        <list name="rec_fields">
        </list>
      </record>
      <record javaclass="com.wm.util.Values">
        <value name="node_type">record</value>
        <value name="field_name">Items</value>
        <value name="field_type">record</value>
        <value name="field_dim">1</value>
        <value name="nillable">true</value>
        <list name="rec_fields">
        </list>
      </record>
    </array>
    <value name="expand">true</value>
  </record>
</Values>
</MAPSOURCE>

  <!-- nodes -->

<MAPCOPY NAME="Link" FROM="/EDIValues;4;0;EDIrecords:X12_V4010_T850/ST;2;0/REF;2;1" TO="/REF;2;1">
</MAPCOPY>
</MAP>

<MAP MODE="OUTPUT">
  <MAPTARGET>

<Values version="2.0">
  <record name="xml" javaclass="com.wm.util.Values">
    <value name="node_type">record</value>
    <value name="field_type">record</value>
    <value name="field_dim">0</value>
    <value name="nillable">true</value>
    <array name="rec_fields" type="record" depth="1">
      <record javaclass="com.wm.util.Values">
        <value name="node_type">record</value>
        <value name="field_name">REF</value>
        <value name="field_type">record</value>
        <value name="field_dim">1</value>
        <value name="nillable">true</value>
        <list name="rec_fields">
        </list>
      </record>
      <record javaclass="com.wm.util.Values">
        <value name="node_type">record</value>
        <value name="field_name">X12_4010_850</value>
        <value name="field_type">recref</value>
        <value name="field_dim">0</value>
        <value name="nillable">true</value>
        <value name="rec_ref">EDIrecords:X12_V4010_T850</value>
      </record>
      <record javaclass="com.wm.util.Values">
        <value name="node_type">record</value>
        <value name="field_name">EDIValues</value>
        <value name="field_type">recref</value>
        <value name="field_dim">0</value>
        <value name="nillable">true</value>
        <value name="rec_ref">EDIrecords:X12_V4010_T850</value>
      </record>
      <record javaclass="com.wm.util.Values">
        <value name="node_type">record</value>
        <value name="field_name">OrderRequestDate</value>
        <value name="field_type">string</value>
        <value name="field_dim">0</value>
        <value name="nillable">true</value>
      </record>
      <record javaclass="com.wm.util.Values">
        <value name="node_type">record</value>
        <value name="field_name">OrderRequestTime</value>
        <value name="field_type">string</value>
        <value name="field_dim">0</value>
        <value name="nillable">true</value>
      </record>
      <record javaclass="com.wm.util.Values">
        <value name="node_type">record</value>
        <value name="field_name">RequestedDeliveryDate</value>
        <value name="field_type">string</value>
        <value name="field_dim">0</value>
        <value name="nillable">true</value>
      </record>
      <record javaclass="com.wm.util.Values">
        <value name="node_type">record</value>
        <value name="field_name">RequestedDeliveryTime</value>
        <value name="field_type">string</value>
        <value name="field_dim">0</value>
        <value name="nillable">true</value>
      </record>
      <record javaclass="com.wm.util.Values">
        <value name="node_type">record</value>
        <value name="field_name">ChargeCardExpirationDate</value>
        <value name="field_type">string</value>
        <value name="field_dim">0</value>
        <value name="nillable">true</value>
      </record>
      <record javaclass="com.wm.util.Values">
        <value name="node_type">record</value>
        <value name="field_name">ID</value>
        <value name="field_type">record</value>
        <value name="field_dim">0</value>
        <value name="nillable">true</value>
        <list name="rec_fields">
        </list>
      </record>
      <record javaclass="com.wm.util.Values">
        <value name="node_type">record</value>
        <value name="field_name">Items</value>
        <value name="field_type">record</value>
        <value name="field_dim">1</value>
        <value name="nillable">true</value>
        <list name="rec_fields">
        </list>
      </record>
      <record javaclass="com.wm.util.Values">
        <value name="node_type">record</value>
        <value name="field_name">Reference</value>
        <value name="field_type">record</value>
        <value name="field_dim">0</value>
        <value name="nillable">true</value>
        <list name="rec_fields">
        </list>
      </record>
    </array>
    <value name="expand">true</value>
  </record>
</Values>
</MAPTARGET>
  <MAPSOURCE>

<Values version="2.0">
  <record name="xml" javaclass="com.wm.util.Values">
    <value name="node_type">record</value>
    <value name="field_type">record</value>
    <value name="field_dim">0</value>
    <value name="nillable">true</value>
    <list name="rec_fields">
    </list>
    <value name="expand">true</value>
  </record>
</Values>
</MAPSOURCE>

  <!-- nodes -->

<MAPDELETE NAME="MapDelete" FIELD="/REF;2;1">
</MAPDELETE>
</MAP>
</INVOKE>

<INVOKE TIMEOUT="" SERVICE="Tutorial.EDItoXML:dateParse" VALIDATE-IN="$none" VALIDATE-OUT="$none">
  <COMMENT></COMMENT>

  <!-- nodes -->

<MAP MODE="INPUT">
  <MAPTARGET>

<Values version="2.0">
  <record name="xml" javaclass="com.wm.util.Values">
    <value name="node_type">record</value>
    <value name="field_name">dateParseInput</value>
    <value name="field_type">record</value>
    <value name="field_dim">0</value>
    <value name="nillable">true</value>
    <array name="rec_fields" type="record" depth="1">
      <record javaclass="com.wm.util.Values">
        <value name="node_type">unknown</value>
        <value name="field_name">date</value>
        <value name="field_type">string</value>
        <value name="field_dim">0</value>
        <value name="nillable">true</value>
      </record>
    </array>
    <value name="expand">true</value>
  </record>
</Values>
</MAPTARGET>
  <MAPSOURCE>

<Values version="2.0">
  <record name="xml" javaclass="com.wm.util.Values">
    <value name="node_type">record</value>
    <value name="field_type">record</value>
    <value name="field_dim">0</value>
    <value name="nillable">true</value>
    <array name="rec_fields" type="record" depth="1">
      <record javaclass="com.wm.util.Values">
        <value name="node_type">record</value>
        <value name="field_name">EDIValues</value>
        <value name="field_type">recref</value>
        <value name="field_dim">0</value>
        <value name="nillable">true</value>
        <value name="rec_ref">EDIrecords:X12_V4010_T850</value>
      </record>
      <record javaclass="com.wm.util.Values">
        <value name="node_type">record</value>
        <value name="field_name">OrderRequestDate</value>
        <value name="field_type">string</value>
        <value name="field_dim">0</value>
        <value name="nillable">true</value>
      </record>
      <record javaclass="com.wm.util.Values">
        <value name="node_type">record</value>
        <value name="field_name">OrderRequestTime</value>
        <value name="field_type">string</value>
        <value name="field_dim">0</value>
        <value name="nillable">true</value>
      </record>
      <record javaclass="com.wm.util.Values">
        <value name="node_type">record</value>
        <value name="field_name">RequestedDeliveryDate</value>
        <value name="field_type">string</value>
        <value name="field_dim">0</value>
        <value name="nillable">true</value>
      </record>
      <record javaclass="com.wm.util.Values">
        <value name="node_type">record</value>
        <value name="field_name">RequestedDeliveryTime</value>
        <value name="field_type">string</value>
        <value name="field_dim">0</value>
        <value name="nillable">true</value>
      </record>
      <record javaclass="com.wm.util.Values">
        <value name="node_type">record</value>
        <value name="field_name">ChargeCardExpirationDate</value>
        <value name="field_type">string</value>
        <value name="field_dim">0</value>
        <value name="nillable">true</value>
      </record>
      <record javaclass="com.wm.util.Values">
        <value name="node_type">record</value>
        <value name="field_name">ID</value>
        <value name="field_type">record</value>
        <value name="field_dim">0</value>
        <value name="nillable">true</value>
        <list name="rec_fields">
        </list>
      </record>
      <record javaclass="com.wm.util.Values">
        <value name="node_type">record</value>
        <value name="field_name">Items</value>
        <value name="field_type">record</value>
        <value name="field_dim">1</value>
        <value name="nillable">true</value>
        <list name="rec_fields">
        </list>
      </record>
      <record javaclass="com.wm.util.Values">
        <value name="node_type">record</value>
        <value name="field_name">Reference</value>
        <value name="field_type">record</value>
        <value name="field_dim">0</value>
        <value name="nillable">true</value>
        <list name="rec_fields">
        </list>
      </record>
      <record javaclass="com.wm.util.Values">
        <value name="node_type">record</value>
        <value name="field_name">envelope</value>
        <value name="field_type">record</value>
        <value name="field_dim">0</value>
        <value name="nillable">true</value>
        <array name="rec_fields" type="record" depth="1">
          <record javaclass="com.wm.util.Values">
            <value name="node_type">record</value>
            <value name="field_name">ISA</value>
            <value name="field_type">record</value>
            <value name="field_dim">0</value>
            <value name="nillable">true</value>
            <array name="rec_fields" type="record" depth="1">
              <record javaclass="com.wm.util.Values">
                <value name="node_type">unknown</value>
                <value name="field_name">ISA09</value>
                <value name="field_type">string</value>
                <value name="field_dim">0</value>
                <value name="nillable">true</value>
              </record>
            </array>
          </record>
        </array>
      </record>
    </array>
    <value name="expand">true</value>
  </record>
</Values>
</MAPSOURCE>

  <!-- nodes -->

<MAPCOPY NAME="Link" FROM="/envelope;2;0/ISA;2;0/ISA09;1;0" TO="/date;1;0">
</MAPCOPY>
</MAP>

<MAP MODE="OUTPUT">
</MAP>
</INVOKE>

<MAP TIMEOUT="" MODE="STANDALONE">
  <COMMENT></COMMENT>
  <MAPTARGET>

<Values version="2.0">
  <record name="xml" javaclass="com.wm.util.Values">
    <value name="node_type">record</value>
    <value name="field_type">record</value>
    <value name="field_dim">0</value>
    <value name="nillable">true</value>
    <array name="rec_fields" type="record" depth="1">
      <record javaclass="com.wm.util.Values">
        <value name="node_type">record</value>
        <value name="field_name">EDIValues</value>
        <value name="field_type">recref</value>
        <value name="field_dim">0</value>
        <value name="nillable">true</value>
        <value name="rec_ref">EDIrecords:X12_V4010_T850</value>
      </record>
      <record javaclass="com.wm.util.Values">
        <value name="node_type">record</value>
        <value name="field_name">Items</value>
        <value name="field_type">record</value>
        <value name="field_dim">1</value>
        <value name="nillable">true</value>
        <list name="rec_fields">
        </list>
      </record>
      <record javaclass="com.wm.util.Values">
        <value name="node_type">record</value>
        <value name="field_name">envelope</value>
        <value name="field_type">record</value>
        <value name="field_dim">0</value>
        <value name="nillable">true</value>
        <list name="rec_fields">
        </list>
      </record>
      <record javaclass="com.wm.util.Values">
        <value name="node_type">record</value>
        <value name="field_name">POTarget</value>
        <value name="field_type">recref</value>
        <value name="field_dim">0</value>
        <value name="nillable">true</value>
        <value name="rec_ref">Tutorial.Records:POTarget</value>
      </record>
      <record javaclass="com.wm.util.Values">
        <value name="node_type">unknown</value>
        <value name="field_name">mappingStatus</value>
        <value name="field_type">string</value>
        <value name="field_dim">0</value>
        <value name="nillable">true</value>
      </record>
    </array>
    <value name="expand">true</value>
  </record>
</Values>
</MAPTARGET>
  <MAPSOURCE>

<Values version="2.0">
  <record name="xml" javaclass="com.wm.util.Values">
    <value name="node_type">record</value>
    <value name="field_type">record</value>
    <value name="field_dim">0</value>
    <value name="nillable">true</value>
    <array name="rec_fields" type="record" depth="1">
      <record javaclass="com.wm.util.Values">
        <value name="node_type">unknown</value>
        <value name="field_name">date</value>
        <value name="field_type">string</value>
        <value name="field_dim">0</value>
        <value name="nillable">true</value>
      </record>
      <record javaclass="com.wm.util.Values">
        <value name="node_type">record</value>
        <value name="field_name">EDIValues</value>
        <value name="field_type">recref</value>
        <value name="field_dim">0</value>
        <value name="nillable">true</value>
        <value name="rec_ref">EDIrecords:X12_V4010_T850</value>
      </record>
      <record javaclass="com.wm.util.Values">
        <value name="node_type">record</value>
        <value name="field_name">OrderRequestDate</value>
        <value name="field_type">string</value>
        <value name="field_dim">0</value>
        <value name="nillable">true</value>
      </record>
      <record javaclass="com.wm.util.Values">
        <value name="node_type">record</value>
        <value name="field_name">OrderRequestTime</value>
        <value name="field_type">string</value>
        <value name="field_dim">0</value>
        <value name="nillable">true</value>
      </record>
      <record javaclass="com.wm.util.Values">
        <value name="node_type">record</value>
        <value name="field_name">RequestedDeliveryDate</value>
        <value name="field_type">string</value>
        <value name="field_dim">0</value>
        <value name="nillable">true</value>
      </record>
      <record javaclass="com.wm.util.Values">
        <value name="node_type">record</value>
        <value name="field_name">RequestedDeliveryTime</value>
        <value name="field_type">string</value>
        <value name="field_dim">0</value>
        <value name="nillable">true</value>
      </record>
      <record javaclass="com.wm.util.Values">
        <value name="node_type">record</value>
        <value name="field_name">ChargeCardExpirationDate</value>
        <value name="field_type">string</value>
        <value name="field_dim">0</value>
        <value name="nillable">true</value>
      </record>
      <record javaclass="com.wm.util.Values">
        <value name="node_type">record</value>
        <value name="field_name">ID</value>
        <value name="field_type">record</value>
        <value name="field_dim">0</value>
        <value name="nillable">true</value>
        <array name="rec_fields" type="record" depth="1">
          <record javaclass="com.wm.util.Values">
            <value name="node_type">record</value>
            <value name="field_name">BuyingOrganization</value>
            <value name="field_type">record</value>
            <value name="field_dim">0</value>
            <value name="nillable">true</value>
            <list name="rec_fields">
            </list>
          </record>
          <record javaclass="com.wm.util.Values">
            <value name="node_type">record</value>
            <value name="field_name">Requisitioner</value>
            <value name="field_type">record</value>
            <value name="field_dim">0</value>
            <value name="nillable">true</value>
            <list name="rec_fields">
            </list>
          </record>
          <record javaclass="com.wm.util.Values">
            <value name="node_type">record</value>
            <value name="field_name">SellingOrganization</value>
            <value name="field_type">record</value>
            <value name="field_dim">0</value>
            <value name="nillable">true</value>
            <list name="rec_fields">
            </list>
          </record>
          <record javaclass="com.wm.util.Values">
            <value name="node_type">record</value>
            <value name="field_name">ShipTo</value>
            <value name="field_type">record</value>
            <value name="field_dim">0</value>
            <value name="nillable">true</value>
            <list name="rec_fields">
            </list>
          </record>
          <record javaclass="com.wm.util.Values">
            <value name="node_type">record</value>
            <value name="field_name">BillTo</value>
            <value name="field_type">record</value>
            <value name="field_dim">0</value>
            <value name="nillable">true</value>
            <list name="rec_fields">
            </list>
          </record>
        </array>
      </record>
      <record javaclass="com.wm.util.Values">
        <value name="node_type">record</value>
        <value name="field_name">Items</value>
        <value name="field_type">record</value>
        <value name="field_dim">1</value>
        <value name="nillable">true</value>
        <array name="rec_fields" type="record" depth="1">
          <record javaclass="com.wm.util.Values">
            <value name="node_type">record</value>
            <value name="field_name">ProductID</value>
            <value name="field_type">record</value>
            <value name="field_dim">0</value>
            <value name="nillable">true</value>
            <array name="rec_fields" type="record" depth="1">
              <record javaclass="com.wm.util.Values">
                <value name="node_type">record</value>
                <value name="field_name">ProductName</value>
                <value name="field_type">string</value>
                <value name="field_dim">0</value>
                <value name="nillable">true</value>
              </record>
              <record javaclass="com.wm.util.Values">
                <value name="node_type">record</value>
                <value name="field_name">ManufacturerPartNumber</value>
                <value name="field_type">string</value>
                <value name="field_dim">0</value>
                <value name="nillable">true</value>
              </record>
              <record javaclass="com.wm.util.Values">
                <value name="node_type">record</value>
                <value name="field_name">CustomerPartNumber</value>
                <value name="field_type">string</value>
                <value name="field_dim">0</value>
                <value name="nillable">true</value>
              </record>
              <record javaclass="com.wm.util.Values">
                <value name="node_type">record</value>
                <value name="field_name">CommodityGroup</value>
                <value name="field_type">string</value>
                <value name="field_dim">0</value>
                <value name="nillable">true</value>
              </record>
              <record javaclass="com.wm.util.Values">
                <value name="node_type">record</value>
                <value name="field_name">ManufacturerName</value>
                <value name="field_type">string</value>
                <value name="field_dim">0</value>
                <value name="nillable">true</value>
              </record>
            </array>
          </record>
        </array>
      </record>
      <record javaclass="com.wm.util.Values">
        <value name="node_type">record</value>
        <value name="field_name">Reference</value>
        <value name="field_type">record</value>
        <value name="field_dim">0</value>
        <value name="nillable">true</value>
        <array name="rec_fields" type="record" depth="1">
          <record javaclass="com.wm.util.Values">
            <value name="node_type">record</value>
            <value name="field_name">RelatedVendorOrderNumber</value>
            <value name="field_type">string</value>
            <value name="field_dim">0</value>
            <value name="nillable">true</value>
          </record>
          <record javaclass="com.wm.util.Values">
            <value name="node_type">record</value>
            <value name="field_name">AuthorizationNumber</value>
            <value name="field_type">string</value>
            <value name="field_dim">0</value>
            <value name="nillable">true</value>
          </record>
          <record javaclass="com.wm.util.Values">
            <value name="node_type">record</value>
            <value name="field_name">CustomerReferenceNumber</value>
            <value name="field_type">string</value>
            <value name="field_dim">0</value>
            <value name="nillable">true</value>
          </record>
          <record javaclass="com.wm.util.Values">
            <value name="node_type">record</value>
            <value name="field_name">ChargeCardNumber</value>
            <value name="field_type">string</value>
            <value name="field_dim">0</value>
            <value name="nillable">true</value>
          </record>
        </array>
      </record>
      <record javaclass="com.wm.util.Values">
        <value name="node_type">record</value>
        <value name="field_name">envelope</value>
        <value name="field_type">record</value>
        <value name="field_dim">0</value>
        <value name="nillable">true</value>
        <array name="rec_fields" type="record" depth="1">
          <record javaclass="com.wm.util.Values">
            <value name="node_type">record</value>
            <value name="field_name">ISA</value>
            <value name="field_type">record</value>
            <value name="field_dim">0</value>
            <value name="nillable">true</value>
            <array name="rec_fields" type="record" depth="1">
              <record javaclass="com.wm.util.Values">
                <value name="node_type">unknown</value>
                <value name="field_name">ISA09</value>
                <value name="field_type">string</value>
                <value name="field_dim">0</value>
                <value name="nillable">true</value>
              </record>
              <record javaclass="com.wm.util.Values">
                <value name="node_type">unknown</value>
                <value name="field_name">ISA08</value>
                <value name="field_type">string</value>
                <value name="field_dim">0</value>
                <value name="nillable">true</value>
              </record>
              <record javaclass="com.wm.util.Values">
                <value name="node_type">unknown</value>
                <value name="field_name">ISA06</value>
                <value name="field_type">string</value>
                <value name="field_dim">0</value>
                <value name="nillable">true</value>
              </record>
              <record javaclass="com.wm.util.Values">
                <value name="node_type">unknown</value>
                <value name="field_name">ISA13</value>
                <value name="field_type">string</value>
                <value name="field_dim">0</value>
                <value name="nillable">true</value>
              </record>
            </array>
          </record>
        </array>
      </record>
      <record javaclass="com.wm.util.Values">
        <value name="node_type">unknown</value>
        <value name="field_name">newYear</value>
        <value name="field_type">string</value>
        <value name="field_dim">0</value>
        <value name="nillable">true</value>
      </record>
      <record javaclass="com.wm.util.Values">
        <value name="node_type">unknown</value>
        <value name="field_name">newMonth</value>
        <value name="field_type">string</value>
        <value name="field_dim">0</value>
        <value name="nillable">true</value>
      </record>
      <record javaclass="com.wm.util.Values">
        <value name="node_type">unknown</value>
        <value name="field_name">newDay</value>
        <value name="field_type">string</value>
        <value name="field_dim">0</value>
        <value name="nillable">true</value>
      </record>
      <record javaclass="com.wm.util.Values">
        <value name="node_type">unknown</value>
        <value name="field_name">newHour</value>
        <value name="field_type">string</value>
        <value name="field_dim">0</value>
        <value name="nillable">true</value>
      </record>
      <record javaclass="com.wm.util.Values">
        <value name="node_type">unknown</value>
        <value name="field_name">newMinute</value>
        <value name="field_type">string</value>
        <value name="field_dim">0</value>
        <value name="nillable">true</value>
      </record>
      <record javaclass="com.wm.util.Values">
        <value name="node_type">unknown</value>
        <value name="field_name">newSecond</value>
        <value name="field_type">string</value>
        <value name="field_dim">0</value>
        <value name="nillable">true</value>
      </record>
      <record javaclass="com.wm.util.Values">
        <value name="node_type">unknown</value>
        <value name="field_name">status</value>
        <value name="field_type">string</value>
        <value name="field_dim">0</value>
        <value name="nillable">true</value>
      </record>
    </array>
    <value name="expand">true</value>
  </record>
</Values>
</MAPSOURCE>

  <!-- nodes -->

<MAPDELETE NAME="MapDelete" FIELD="/date;1;0">
</MAPDELETE>

<MAPDELETE NAME="MapDelete" FIELD="/newYear;1;0">
</MAPDELETE>

<MAPDELETE NAME="MapDelete" FIELD="/newMonth;1;0">
</MAPDELETE>

<MAPDELETE NAME="MapDelete" FIELD="/newDay;1;0">
</MAPDELETE>

<MAPDELETE NAME="MapDelete" FIELD="/newHour;1;0">
</MAPDELETE>

<MAPDELETE NAME="MapDelete" FIELD="/newMinute;1;0">
</MAPDELETE>

<MAPDELETE NAME="MapDelete" FIELD="/newSecond;1;0">
</MAPDELETE>

<MAPDELETE NAME="MapDelete" FIELD="/status;1;0">
</MAPDELETE>

<MAPDELETE NAME="MapDelete" FIELD="/ID;2;0">
</MAPDELETE>

<MAPDELETE NAME="MapDelete" FIELD="/Reference;2;0">
</MAPDELETE>

<MAPDELETE NAME="MapDelete" FIELD="/Items;2;1/ProductID;2;0">
</MAPDELETE>

<MAPDELETE NAME="MapDelete" FIELD="/OrderRequestDate;1;0">
</MAPDELETE>

<MAPDELETE NAME="MapDelete" FIELD="/ChargeCardExpirationDate;1;0">
</MAPDELETE>

<MAPDELETE NAME="MapDelete" FIELD="/RequestedDeliveryTime;1;0">
</MAPDELETE>

<MAPDELETE NAME="MapDelete" FIELD="/RequestedDeliveryDate;1;0">
</MAPDELETE>

<MAPDELETE NAME="MapDelete" FIELD="/OrderRequestTime;1;0">
</MAPDELETE>

<MAPCOPY NAME="MapCopy" FROM="/newYear;1;0" TO="/POTarget;4;0;Tutorial.Records:POTarget/POTarget;2;0/Heading;2;0/OrderYear;1;0">
</MAPCOPY>

<MAPCOPY NAME="MapCopy" FROM="/newMonth;1;0" TO="/POTarget;4;0;Tutorial.Records:POTarget/POTarget;2;0/Heading;2;0/OrderMonth;1;0">
</MAPCOPY>

<MAPCOPY NAME="MapCopy" FROM="/newDay;1;0" TO="/POTarget;4;0;Tutorial.Records:POTarget/POTarget;2;0/Heading;2;0/OrderDay;1;0">
</MAPCOPY>

<MAPCOPY NAME="MapCopy" FROM="/newHour;1;0" TO="/POTarget;4;0;Tutorial.Records:POTarget/POTarget;2;0/Heading;2;0/OrderHour;1;0">
</MAPCOPY>

<MAPCOPY NAME="MapCopy" FROM="/newMinute;1;0" TO="/POTarget;4;0;Tutorial.Records:POTarget/POTarget;2;0/Heading;2;0/OrderMinute;1;0">
</MAPCOPY>

<MAPCOPY NAME="MapCopy" FROM="/newSecond;1;0" TO="/POTarget;4;0;Tutorial.Records:POTarget/POTarget;2;0/Heading;2;0/OrderSecond;1;0">
</MAPCOPY>

<MAPCOPY NAME="MapCopy" FROM="/Reference;2;0" TO="/POTarget;4;0;Tutorial.Records:POTarget/POTarget;2;0/Heading;2;0/Reference;2;0">
</MAPCOPY>

<MAPCOPY NAME="MapCopy" FROM="/ID;2;0" TO="/POTarget;4;0;Tutorial.Records:POTarget/POTarget;2;0/Heading;2;0/ID;2;0">
</MAPCOPY>

<MAPCOPY NAME="MapCopy" FROM="/OrderRequestDate;1;0" TO="/POTarget;4;0;Tutorial.Records:POTarget/POTarget;2;0/Heading;2;0/OrderRequestDate;1;0">
</MAPCOPY>

<MAPCOPY NAME="MapCopy" FROM="/OrderRequestTime;1;0" TO="/POTarget;4;0;Tutorial.Records:POTarget/POTarget;2;0/Heading;2;0/OrderRequestTime;1;0">
</MAPCOPY>

<MAPCOPY NAME="MapCopy" FROM="/RequestedDeliveryDate;1;0" TO="/POTarget;4;0;Tutorial.Records:POTarget/POTarget;2;0/Heading;2;0/RequestedDeliveryDate;1;0">
</MAPCOPY>

<MAPCOPY NAME="MapCopy" FROM="/RequestedDeliveryTime;1;0" TO="/POTarget;4;0;Tutorial.Records:POTarget/POTarget;2;0/Heading;2;0/RequestedDeliveryTime;1;0">
</MAPCOPY>

<MAPCOPY NAME="MapCopy" FROM="/ChargeCardExpirationDate;1;0" TO="/POTarget;4;0;Tutorial.Records:POTarget/POTarget;2;0/Heading;2;0/ChargeCardExpirationDate;1;0">
</MAPCOPY>

<MAPCOPY NAME="MapCopy" FROM="/Items;2;1/ProductID;2;0" TO="/POTarget;4;0;Tutorial.Records:POTarget/POTarget;2;0/Items;2;1/ProductID;2;0">
</MAPCOPY>

<MAPCOPY NAME="Link" FROM="/envelope;2;0/ISA;2;0/ISA06;1;0" TO="/POTarget;4;0;Tutorial.Records:POTarget/POTarget;2;0/Heading;2;0/SenderID;1;0">
</MAPCOPY>

<MAPCOPY NAME="Link" FROM="/envelope;2;0/ISA;2;0/ISA08;1;0" TO="/POTarget;4;0;Tutorial.Records:POTarget/POTarget;2;0/Heading;2;0/ReceiverID;1;0">
</MAPCOPY>

<MAPCOPY NAME="Link" FROM="/envelope;2;0/ISA;2;0/ISA13;1;0" TO="/POTarget;4;0;Tutorial.Records:POTarget/POTarget;2;0/Heading;2;0/InterchangeControlNumber;1;0">
</MAPCOPY>

<MAPCOPY NAME="Link" FROM="/EDIValues;4;0;EDIrecords:X12_4010_850/ST;2;0/BEG;2;0/BEG03;1;0" TO="/POTarget;4;0;Tutorial.Records:POTarget/POTarget;2;0/Heading;2;0/BuyerOrderNumber;1;0">
</MAPCOPY>

<MAPCOPY NAME="Link" FROM="/EDIValues;4;0;EDIrecords:X12_4010_850/ST;2;0/BEG;2;0/BEG06;1;0" TO="/POTarget;4;0;Tutorial.Records:POTarget/POTarget;2;0/Heading;2;0/ContractNumber;1;0">
</MAPCOPY>

<MAPCOPY NAME="Link" FROM="/EDIValues;4;0;EDIrecords:X12_4010_850/ST;2;0/BEG;2;0/BEG08;2;0/code;1;0" TO="/POTarget;4;0;Tutorial.Records:POTarget/POTarget;2;0/Heading;2;0/InvoiceTypeCode;1;0">
</MAPCOPY>

<MAPCOPY NAME="Link" FROM="/EDIValues;4;0;EDIrecords:X12_4010_850/ST;2;0/CSH;2;1/CSH01;2;0/code;1;0" TO="/POTarget;4;0;Tutorial.Records:POTarget/POTarget;2;0/Heading;2;0/SalesRequirementCode;1;0">
</MAPCOPY>

<MAPCOPY NAME="Link" FROM="/EDIValues;4;0;EDIrecords:X12_4010_850/ST;2;0/TXI;2;1/TXI02;1;0" TO="/POTarget;4;0;Tutorial.Records:POTarget/POTarget;2;0/Heading;2;0/Tax;2;0/MonetaryAmount;1;0">
</MAPCOPY>

<MAPCOPY NAME="Link" FROM="/EDIValues;4;0;EDIrecords:X12_4010_850/ST;2;0/TXI;2;1/TXI03;1;0" TO="/POTarget;4;0;Tutorial.Records:POTarget/POTarget;2;0/Heading;2;0/Tax;2;0/Percent;1;0">
</MAPCOPY>

<MAPCOPY NAME="Link" FROM="/EDIValues;4;0;EDIrecords:X12_4010_850/ST;2;0/TXI;2;1/TXI04;2;0/code;1;0" TO="/POTarget;4;0;Tutorial.Records:POTarget/POTarget;2;0/Heading;2;0/Tax;2;0/JurisdictionCodeQualifier;1;0">
</MAPCOPY>

<MAPCOPY NAME="Link" FROM="/EDIValues;4;0;EDIrecords:X12_4010_850/ST;2;0/TXI;2;1/TXI05;1;0" TO="/POTarget;4;0;Tutorial.Records:POTarget/POTarget;2;0/Heading;2;0/Tax;2;0/JurisdictionCode;1;0">
</MAPCOPY>

<MAPCOPY NAME="Link" FROM="/EDIValues;4;0;EDIrecords:X12_4010_850/ST;2;0/TXI;2;1/TXI06;2;0/code;1;0" TO="/POTarget;4;0;Tutorial.Records:POTarget/POTarget;2;0/Heading;2;0/Tax;2;0/ExemptCode;1;0">
</MAPCOPY>

<MAPCOPY NAME="Link" FROM="/EDIValues;4;0;EDIrecords:X12_4010_850/ST;2;0/TXI;2;1/TXI09;1;0" TO="/POTarget;4;0;Tutorial.Records:POTarget/POTarget;2;0/Heading;2;0/Tax;2;0/IdentificationNumber;1;0">
</MAPCOPY>

<MAPCOPY NAME="Link" FROM="/EDIValues;4;0;EDIrecords:X12_4010_850/ST;2;0/CTT;2;0/CTT01;1;0" TO="/POTarget;4;0;Tutorial.Records:POTarget/POTarget;2;0/Summary;2;0/TotalLineItems;1;0">
</MAPCOPY>

<MAPCOPY NAME="Link" FROM="/EDIValues;4;0;EDIrecords:X12_4010_850/ST;2;0/CTT;2;0/CTT02;1;0" TO="/POTarget;4;0;Tutorial.Records:POTarget/POTarget;2;0/Summary;2;0/TotalTransactionAmount;1;0">
</MAPCOPY>

<MAPCOPY NAME="Link" FROM="/EDIValues;4;0;EDIrecords:X12_4010_850/ST;2;0/CTT;2;0/AMT;2;0/AMT02;1;0" TO="/POTarget;4;0;Tutorial.Records:POTarget/POTarget;2;0/Summary;2;0/TotalQuantityOrdered;1;0">
</MAPCOPY>

<MAPCOPY NAME="Link" FROM="/EDIValues;4;0;EDIrecords:X12_4010_850/ST;2;0/PO1;2;1/PO101;1;0" TO="/POTarget;4;0;Tutorial.Records:POTarget/POTarget;2;0/Items;2;1/LineItemNumber;1;0">
</MAPCOPY>

<MAPCOPY NAME="Link" FROM="/EDIValues;4;0;EDIrecords:X12_4010_850/ST;2;0/PO1;2;1/PO102;1;0" TO="/POTarget;4;0;Tutorial.Records:POTarget/POTarget;2;0/Items;2;1/QuantityOrdered;1;0">
</MAPCOPY>

<MAPCOPY NAME="Link" FROM="/EDIValues;4;0;EDIrecords:X12_4010_850/ST;2;0/PO1;2;1/PO103;2;0/code;1;0" TO="/POTarget;4;0;Tutorial.Records:POTarget/POTarget;2;0/Items;2;1/UnitOfMeasure;1;0">
</MAPCOPY>

<MAPCOPY NAME="Link" FROM="/EDIValues;4;0;EDIrecords:X12_4010_850/ST;2;0/PO1;2;1/PO104;1;0" TO="/POTarget;4;0;Tutorial.Records:POTarget/POTarget;2;0/Items;2;1/UnitPrice;1;0">
</MAPCOPY>

<MAPCOPY NAME="Link" FROM="/EDIValues;4;0;EDIrecords:X12_4010_850/ST;2;0/PO1;2;1/PO107;1;0" TO="/POTarget;4;0;Tutorial.Records:POTarget/POTarget;2;0/Items;2;1/SellerPartNumber;1;0">
</MAPCOPY>

<MAPCOPY NAME="Link" FROM="/EDIValues;4;0;EDIrecords:X12_4010_850/ST;2;0/PO1;2;1/DTM;2;1/DTM02;1;0" TO="/POTarget;4;0;Tutorial.Records:POTarget/POTarget;2;0/Items;2;1/RequestedDeliveryDate;1;0">
</MAPCOPY>

<MAPCOPY NAME="Link" FROM="/EDIValues;4;0;EDIrecords:X12_4010_850/ST;2;0/PO1;2;1/DTM;2;1/DTM03;1;0" TO="/POTarget;4;0;Tutorial.Records:POTarget/POTarget;2;0/Items;2;1/RequestedDeliveryTime;1;0">
</MAPCOPY>

<MAPCOPY NAME="Link" FROM="/EDIValues;4;0;EDIrecords:X12_4010_850/ST;2;0/PO1;2;1/TXI;2;1/TXI02;1;0" TO="/POTarget;4;0;Tutorial.Records:POTarget/POTarget;2;0/Items;2;1/Tax;2;0/MonetaryAmount;1;0">
</MAPCOPY>

<MAPCOPY NAME="Link" FROM="/EDIValues;4;0;EDIrecords:X12_4010_850/ST;2;0/PO1;2;1/TXI;2;1/TXI03;1;0" TO="/POTarget;4;0;Tutorial.Records:POTarget/POTarget;2;0/Items;2;1/Tax;2;0/Percent;1;0">
</MAPCOPY>

<MAPCOPY NAME="Link" FROM="/EDIValues;4;0;EDIrecords:X12_4010_850/ST;2;0/PO1;2;1/TXI;2;1/TXI04;2;0/code;1;0" TO="/POTarget;4;0;Tutorial.Records:POTarget/POTarget;2;0/Items;2;1/Tax;2;0/JurisdictionCodeQualifier;1;0">
</MAPCOPY>

<MAPCOPY NAME="Link" FROM="/EDIValues;4;0;EDIrecords:X12_4010_850/ST;2;0/PO1;2;1/TXI;2;1/TXI05;1;0" TO="/POTarget;4;0;Tutorial.Records:POTarget/POTarget;2;0/Items;2;1/Tax;2;0/JurisdictionCode;1;0">
</MAPCOPY>

<MAPCOPY NAME="Link" FROM="/EDIValues;4;0;EDIrecords:X12_4010_850/ST;2;0/PO1;2;1/TXI;2;1/TXI06;2;0/code;1;0" TO="/POTarget;4;0;Tutorial.Records:POTarget/POTarget;2;0/Items;2;1/Tax;2;0/ExemptCode;1;0">
</MAPCOPY>

<MAPCOPY NAME="Link" FROM="/EDIValues;4;0;EDIrecords:X12_4010_850/ST;2;0/PO1;2;1/TXI;2;1/TXI09;1;0" TO="/POTarget;4;0;Tutorial.Records:POTarget/POTarget;2;0/Items;2;1/Tax;2;0/IdentificationNumber;1;0">
</MAPCOPY>

<MAPCOPY NAME="Link" FROM="/EDIValues;4;0;EDIrecords:X12_4010_850/ST;2;0/PO1;2;1/IT8;2;0/IT801;2;0/code;1;0" TO="/POTarget;4;0;Tutorial.Records:POTarget/POTarget;2;0/Items;2;1/SalesRequirementCode;1;0">
</MAPCOPY>

<MAPCOPY NAME="Link" FROM="/EDIValues;4;0;EDIrecords:X12_4010_850/ST;2;0/PO1;2;1/PID;2;1/PID05;1;0" TO="/POTarget;4;0;Tutorial.Records:POTarget/POTarget;2;0/Items;2;1/ProductDescription;1;0">
</MAPCOPY>

<MAPSET NAME="MapSet" OVERWRITE="true" VARIABLES="false" FIELD="/mappingStatus;1;0">
  <DATA ENCODING="XMLValues" I18N="true">

<Values version="2.0">
  <value name="xml">0</value>
  <record name="type" javaclass="com.wm.util.Values">
    <value name="node_type">record</value>
    <value name="field_name">mappingStatus</value>
    <value name="field_type">string</value>
    <value name="field_dim">0</value>
    <value name="nillable">true</value>
  </record>
</Values>
</DATA>
</MAPSET>
</MAP>
</SEQUENCE>

<SEQUENCE TIMEOUT="" EXIT-ON="FAILURE">
  <COMMENT>Exeception Handling Sequence</COMMENT>

  <!-- nodes -->

<MAP TIMEOUT="" MODE="STANDALONE">
  <COMMENT></COMMENT>
  <MAPTARGET>

<Values version="2.0">
  <record name="xml" javaclass="com.wm.util.Values">
    <value name="node_type">record</value>
    <value name="field_type">record</value>
    <value name="field_dim">0</value>
    <value name="nillable">true</value>
    <array name="rec_fields" type="record" depth="1">
      <record javaclass="com.wm.util.Values">
        <value name="node_type">record</value>
        <value name="field_name">EDIValues</value>
        <value name="field_type">recref</value>
        <value name="field_dim">0</value>
        <value name="nillable">true</value>
        <value name="rec_ref">EDIrecords:X12_V4010_T850</value>
      </record>
      <record javaclass="com.wm.util.Values">
        <value name="node_type">record</value>
        <value name="field_name">Items</value>
        <value name="field_type">record</value>
        <value name="field_dim">1</value>
        <value name="nillable">true</value>
        <list name="rec_fields">
        </list>
      </record>
      <record javaclass="com.wm.util.Values">
        <value name="node_type">record</value>
        <value name="field_name">envelope</value>
        <value name="field_type">record</value>
        <value name="field_dim">0</value>
        <value name="nillable">true</value>
        <list name="rec_fields">
        </list>
      </record>
      <record javaclass="com.wm.util.Values">
        <value name="node_type">record</value>
        <value name="field_name">POTarget</value>
        <value name="field_type">recref</value>
        <value name="field_dim">0</value>
        <value name="nillable">true</value>
        <value name="rec_ref">Tutorial.Records:POTarget</value>
      </record>
      <record javaclass="com.wm.util.Values">
        <value name="node_type">unknown</value>
        <value name="field_name">mappingStatus</value>
        <value name="field_type">string</value>
        <value name="field_dim">0</value>
        <value name="nillable">true</value>
      </record>
    </array>
    <value name="expand">true</value>
  </record>
</Values>
</MAPTARGET>
  <MAPSOURCE>

<Values version="2.0">
  <record name="xml" javaclass="com.wm.util.Values">
    <value name="node_type">record</value>
    <value name="field_type">record</value>
    <value name="field_dim">0</value>
    <value name="nillable">true</value>
    <list name="rec_fields">
    </list>
    <value name="expand">true</value>
  </record>
</Values>
</MAPSOURCE>

  <!-- nodes -->

<MAPSET NAME="MapSet" OVERWRITE="true" VARIABLES="false" FIELD="/mappingStatus;1;0">
  <DATA ENCODING="XMLValues" I18N="true">

<Values version="2.0">
  <value name="xml">1</value>
  <record name="type" javaclass="com.wm.util.Values">
    <value name="node_type">record</value>
    <value name="field_name">mappingStatus</value>
    <value name="field_type">string</value>
    <value name="field_dim">0</value>
    <value name="nillable">true</value>
  </record>
</Values>
</DATA>
</MAPSET>
</MAP>
</SEQUENCE>
</SEQUENCE>
</FLOW>
