<?xml version="1.0" encoding="UTF-8"?>

<FLOW VERSION="3.0" CLEANUP="true">

  <!-- nodes -->

<INVOKE TIMEOUT="" SERVICE="wm.b2b.editn.eancom.util:setup" VALIDATE-IN="$none" VALIDATE-OUT="$none">
  <COMMENT></COMMENT>
</INVOKE>

<INVOKE TIMEOUT="" SERVICE="wm.b2b.edi.eancom:generateAUTACK" VALIDATE-IN="$none" VALIDATE-OUT="$none">
  <COMMENT></COMMENT>

  <!-- nodes -->

<MAP MODE="INPUT">
  <MAPTARGET>

<Values version="2.0">
  <record name="xml" javaclass="com.wm.util.Values">
    <value name="node_type">record</value>
    <value name="node_subtype">unknown</value>
    <value name="is_public">false</value>
    <value name="field_type">record</value>
    <value name="field_dim">0</value>
    <value name="wrapper_type">IData</value>
    <value name="nillable">true</value>
    <value name="form_qualified">false</value>
    <value name="is_global">false</value>
    <array name="rec_fields" type="record" depth="1">
      <record javaclass="com.wm.util.Values">
        <value name="node_type">record</value>
        <value name="node_subtype">unknown</value>
        <value name="node_comment"></value>
        <record name="node_hints" javaclass="com.wm.util.Values">
          <value name="field_usereditable">true</value>
          <value name="field_largerEditor">false</value>
          <value name="field_password">false</value>
        </record>
        <value name="is_public">false</value>
        <value name="field_name">edidata</value>
        <value name="field_type">string</value>
        <value name="field_dim">0</value>
        <array name="field_options" type="value" depth="1">
        </array>
        <value name="nillable">false</value>
        <value name="form_qualified">false</value>
        <value name="is_global">false</value>
      </record>
      <record javaclass="com.wm.util.Values">
        <value name="node_type">record</value>
        <value name="node_subtype">unknown</value>
        <value name="node_comment"></value>
        <record name="node_hints" javaclass="com.wm.util.Values">
          <value name="field_largerEditor">false</value>
          <value name="field_password">false</value>
        </record>
        <value name="is_public">false</value>
        <value name="field_name">configuration</value>
        <value name="field_type">record</value>
        <value name="field_dim">0</value>
        <value name="wrapper_type">IData</value>
        <value name="nillable">true</value>
        <value name="form_qualified">false</value>
        <value name="is_global">false</value>
        <array name="rec_fields" type="record" depth="1">
          <record javaclass="com.wm.util.Values">
            <value name="node_type">record</value>
            <value name="node_subtype">unknown</value>
            <value name="node_comment"></value>
            <record name="node_hints" javaclass="com.wm.util.Values">
              <value name="field_usereditable">false</value>
              <value name="field_largerEditor">false</value>
              <value name="field_password">false</value>
            </record>
            <value name="is_public">false</value>
            <value name="field_name">signingScope</value>
            <value name="field_type">string</value>
            <value name="field_dim">0</value>
            <array name="field_options" type="value" depth="1">
              <value>Interchange</value>
              <value>Group</value>
              <value>Transaction</value>
            </array>
            <value name="nillable">false</value>
            <value name="form_qualified">false</value>
            <value name="is_global">false</value>
          </record>
          <record javaclass="com.wm.util.Values">
            <value name="node_type">record</value>
            <value name="node_subtype">unknown</value>
            <value name="node_comment"></value>
            <record name="node_hints" javaclass="com.wm.util.Values">
              <value name="field_usereditable">false</value>
              <value name="field_largerEditor">false</value>
              <value name="field_password">false</value>
            </record>
            <value name="is_public">false</value>
            <value name="field_name">digestAlgorithm</value>
            <value name="field_type">string</value>
            <value name="field_dim">0</value>
            <array name="field_options" type="value" depth="1">
              <value>SHA1</value>
              <value>MD5</value>
              <value>RIPEMD160</value>
            </array>
            <value name="nillable">false</value>
            <value name="form_qualified">false</value>
            <value name="is_global">false</value>
          </record>
          <record javaclass="com.wm.util.Values">
            <value name="node_type">record</value>
            <value name="node_subtype">unknown</value>
            <value name="node_comment"></value>
            <record name="node_hints" javaclass="com.wm.util.Values">
              <value name="field_usereditable">false</value>
              <value name="field_largerEditor">false</value>
              <value name="field_password">false</value>
            </record>
            <value name="is_public">false</value>
            <value name="field_name">paddingAlgorithm</value>
            <value name="field_type">string</value>
            <value name="field_dim">0</value>
            <array name="field_options" type="value" depth="1">
              <value>ISO9796-2</value>
            </array>
            <value name="nillable">false</value>
            <value name="form_qualified">false</value>
            <value name="is_global">false</value>
          </record>
          <record javaclass="com.wm.util.Values">
            <value name="node_type">record</value>
            <value name="node_subtype">unknown</value>
            <value name="node_comment"></value>
            <record name="node_hints" javaclass="com.wm.util.Values">
              <value name="field_usereditable">false</value>
              <value name="field_largerEditor">false</value>
              <value name="field_password">false</value>
            </record>
            <value name="is_public">false</value>
            <value name="field_name">signingAlgorithm</value>
            <value name="field_type">string</value>
            <value name="field_dim">0</value>
            <array name="field_options" type="value" depth="1">
              <value>RSA</value>
            </array>
            <value name="nillable">false</value>
            <value name="form_qualified">false</value>
            <value name="is_global">false</value>
          </record>
          <record javaclass="com.wm.util.Values">
            <value name="node_type">record</value>
            <value name="node_subtype">unknown</value>
            <value name="node_comment"></value>
            <record name="node_hints" javaclass="com.wm.util.Values">
              <value name="field_usereditable">false</value>
              <value name="field_largerEditor">false</value>
              <value name="field_password">false</value>
            </record>
            <value name="is_public">false</value>
            <value name="field_name">filteringAlgorithm</value>
            <value name="field_type">string</value>
            <value name="field_dim">0</value>
            <array name="field_options" type="value" depth="1">
              <value>Hexadecimal</value>
            </array>
            <value name="nillable">false</value>
            <value name="form_qualified">false</value>
            <value name="is_global">false</value>
          </record>
          <record javaclass="com.wm.util.Values">
            <value name="node_type">record</value>
            <value name="node_subtype">unknown</value>
            <value name="node_comment"></value>
            <record name="node_hints" javaclass="com.wm.util.Values">
              <value name="field_usereditable">false</value>
              <value name="field_largerEditor">false</value>
              <value name="field_password">false</value>
            </record>
            <value name="is_public">false</value>
            <value name="field_name">characterSetEncoding</value>
            <value name="field_type">string</value>
            <value name="field_dim">0</value>
            <array name="field_options" type="value" depth="1">
              <value>ASCII</value>
              <value>ISO8859-1</value>
              <value>ISO8859-15</value>
              <value>Cp850</value>
              <value>Cp500</value>
            </array>
            <value name="nillable">false</value>
            <value name="form_qualified">false</value>
            <value name="is_global">false</value>
          </record>
        </array>
        <value name="rec_closed">true</value>
        <value name="modifiable">true</value>
      </record>
    </array>
    <value name="modifiable">true</value>
  </record>
</Values>
</MAPTARGET>
  <MAPSOURCE>

<Values version="2.0">
  <record name="xml" javaclass="com.wm.util.Values">
    <value name="node_type">record</value>
    <value name="node_subtype">unknown</value>
    <value name="is_public">false</value>
    <value name="field_type">record</value>
    <value name="field_dim">0</value>
    <value name="wrapper_type">IData</value>
    <value name="nillable">true</value>
    <value name="form_qualified">false</value>
    <value name="is_global">false</value>
    <array name="rec_fields" type="record" depth="1">
    </array>
    <value name="modifiable">true</value>
  </record>
</Values>
</MAPSOURCE>

  <!-- nodes -->

<MAPSET NAME="Setter" OVERWRITE="true" VARIABLES="false" GLOBALVARIABLES="false" FIELD="/edidata;1;0">
  <DATA ENCODING="XMLValues" I18N="true">

<Values version="2.0">
  <value name="xml">UNA:+.? '
UNB+UNOA:1+112223333:01:REVERSE ROUT+445556666:01:ROUTING ADDR+160306:1038+678954+RECEIVER PSWD:AA+APPL REF+A+1+COMM AGRE4208415E ID+1'
UNG+ORDERS+112223333:01+445556666:01+160306:1038+520849+UN+D:01B:+APPL PSWD'
UNH+ORDERS1+ORDERS:D:01B:UN:EAN010:X:X+COMM ACCESS REF+1:F'
BGM+220::9:INVOICE+DOC MSG NUMBER+5+AB'
DTM+2:910214:101'
PAI+1:12:20:1E:2:1'
ALI+AD+1+6+8+12+6+8'
FTX+CHG+1+1E:1E:2+FREE TEXT FIELD:MESSAGE GOES HERE:SENDER MESSAGE:FREE TEXT FIELD:MESSAGE GOES HERE+AA'
RFF+AAB:REFERENCE NUMBER:247'
DTM+171:910214:101'
NAD+AG+ACCOUNTS PAYABLE::9++KATHY SMITH:BILL JONES:MARY CARR:KATHY SMITH:BILL JONES:1+1234 MAIN STREET:PO BOX 567:410 N. HIGH STREET+COLUMBUS+ONTARIO:1E:2:COUNTRY SUBENTITY NAME+43210+AD'
LOC+7+SUITE 542:1E:2:DOCK7'
FII+BS+ID7321:PATRICIA HOLDEN:BEST COMPANY:ADP+BK:1E:2:BR0021:1E:2:FIRST NATIONAL BANK:TOWN PLAZA+AD'
RFF+ADE:AS35724'
CTA+AA+MURPHY BROWN:PURCHASING'
COM+US4124870020:CA'
TAX+5+CAR:1E:2:CAR TAX+FR:1E:2+DTFA ACCESS+2:1E:2:1.5 PERCENT:1:1E:2+A+ID999'
MOA+1:10'
CUX+2:ADP:4+3:ADP:4:849+654'
DTM+134:910214:101'
PAT+1+1:1E:2:IMMEDIATELY:WITHIN NET 10 DAYS+5:3:3M:10'
DTM+7:910214:101'
PCD+2:50:1:1E:2'
MOA+1:50'
TDT+10+ABCXX77478+00+1:TRUCK+ROAD RUNNER:1E:2:JOHN JONES+BS++1TRANS:1E:2:MEANS OF TRANSPRT:AD'
LOC+1+BUILDING 3:1E:2:SOUTH COMPLEX'
DTM+189:910214:101'
TOD+1+AA+01E:1E:2:COST AND FREIGHT TO DESTINATION:FREIGHT, CARRIAGE PAID TO'
LOC+1+PUBLIC SQUARE:1E:2:PLACE LOCATION 1A'
PAC+15902+:1:1+08:1E:2:CASE++1'
PCI+12+BOX1:AA723BB746FF:TRUCK3983726B87CRATE2039872BOX00023:BOX1:AA723BB746FF:TRUCK3983726B87CRATE2039872BOX00023:BOX1:AA723BB746FF:TRUCK3983726B87CRATE2039872BOX00023:BOX1'
RFF+AAB:APJTN5849201194900'
DTM+171:910214:101'
GIN+BJ+BRY782:999888777XYZ+AMWY76482179842875AH29382EE94832AAA:BRY782+999888777XYZ:AMWY76482179842875AH29382EE94832AAA+BRY782:999888777XYZ+AMWY76482179842875AH29382EE94832AAA:BRY782'
EQD+08++9:1E:2:BLUE BOX'
ALC+A+GS17:1+1+1+0:1E:9:SPECIAL SERVICE DESCRIPTION:SPECIAL SERVICE DESCRIPTION'
ALI+AD+2+12+6+8+12+6'
DTM+194:910214:101'
QTY+1:3012:ONZ'
RNG+2+CLT:6009:93703'
PCD+9:781:1:1E:2'
RNG+3+KGM:33559:76368'
MOA+1:100:ADP:1:7'
RNG+4+ONZ:75074:93917'
RTE+1:50:89:CLT'
RNG+2+KGM:25885:66146'
TAX+5+EXC:1E:2:EXCISE+IT:1E:2+DAB2+17.21:1E:2:1.5 PERCENT:2:1E:2+G'
MOA+1:10'
LIN+1++NUMBER1:SRV+1:1'
PIA+1+1078341ITEM:AA:1E:2+ITEMNUMBER1122334455:AA:1E:2+NUMBER1:AA:1E:2+1078341ITEM:AA:1E:2+ITEMNUMBER1122334455:AA:1E:2'
IMD+A+2:1E:9+ACA:1E:2:SHORT WAVE RADIO:BARREL OF MONKEYS:AA'
MEA+AAA+A:3:42+ONZ:750:20593:11615:90'
QTY+1:8113:CLT'
ALI+AD+3+8+12+6+8+12'
DTM+2:910214:101'
MOA+1:50'
GIN+BJ+999888777XYZ:AMWY76482179842875AH29382EE94832AAA+BRY782:999888777XYZ+AMWY76482179842875AH29382EE94832AAA:BRY782+999888777XYZ:AMWY76482179842875AH29382EE94832AAA+BRY782:999888777XYZ'
QVR+88220:17+1E+AA:1E:2:DATE CHANGE'
FTX+PKG+1+1E:1E:2+SENDER MESSAGE:FREE TEXT FIELD:MESSAGE GOES HERE:SENDER MESSAGE:FREE TEXT FIELD+AA'
PRI+1E:12345:AE:AAB:5432:KGM'
CUX+2:ADP:4+3:ADP:4:5320+110'
DTM+1:910214:101'
RFF+AAB:REFERENCE NUMBER:K48912'
DTM+171:910214:101'
PAC+5437+1:1:2+08:1E:2:PACKAGE++2'
QTY+52:6918:ONZ'
PCI+18+AA723BB746FF:TRUCK3983726B87CRATE2039872BOX00023:BOX1:AA723BB746FF:TRUCK3983726B87CRATE2039872BOX00023:BOX1:AA723BB746FF:TRUCK3983726B87CRATE2039872BOX00023:BOX1:AA723BB746FF'
RFF+AAB:AS35724'
DTM+171:910214:101'
GIN+BJ+AMWY76482179842875AH29382EE94832AAA:BRY782+999888777XYZ:AMWY76482179842875AH29382EE94832AAA+BRY782:999888777XYZ+AMWY76482179842875AH29382EE94832AAA:BRY782+999888777XYZ:AMWY76482179842875AH29382EE94832AAA'
LOC+7+SUITE 542:1E:2:DOCK7+PLACE:1E:2:OLENTANGY+DOCK:1E:2:CINCINNATI'
QTY+11:7793:CLT'
DTM+2:910214:101'
TAX+5+VAT:1E:2:VALUE ADDED TAX+FR:1E:2+2469+112.674:1E:2:1.5 PERCENT:3:1E:2+S+IDT7674X'
MOA+1:100'
NAD+OB+PURCHASING:1E:9++MARY CARR:KATHY SMITH:BILL JONES:MARY CARR:KATHY SMITH:1+1234 MAIN STREET:PO BOX 567:410 N. HIGH STREET+SPRINGFIELD+NEW YORK:1E:2:COUNTRY SUBENTITY NAME+43756+AD'
CTA+AA+HUMAN RESOURCES:CUSTOMER SERVICE'
COM+UK4416102341:CA'
ALC+C+EA16432810I:1+1+2+0:1E:9:SPECIAL SERVICE DESCRIPTION:SPECIAL SERVICE DESCRIPTION'
ALI+AD+1+6+8+12+6+8'
DTM+194:910214:101'
QTY+1:2865:KGM'
RNG+3+ONZ:51742:12269'
PCD+12:72618:1:1E:2'
RNG+4+CLT:19166:16059'
MOA+1:10:ADP:1:11'
RNG+2+KGM:80026:89705'
RTE+1:150:6785134:ONZ'
RNG+3+CLT:42078:38945'
TAX+5+CAR:1E:2:CAR TAX+IT:1E:2+DTFA ACCESS+2:1E:2:1.5 PERCENT:1:1E:2+A'
MOA+1:50'
TDT+20+EEEE666900A003XXX+00+1:BARGE+GLOBAL AIR LINES:1E:2:KEVIN BAILY+BS++PROT1234:1E:2:MEANS OF TRANSPRT:AD'
UNS+S'
MOA+1:100'
CNT+1:30:KGM'
UNT+94+ORDERS1'
UNE+1+520849'
UNZ+1+678954'
</value>
  <record name="type" javaclass="com.wm.util.Values">
    <value name="node_type">record</value>
    <value name="node_subtype">unknown</value>
    <value name="node_comment"></value>
    <record name="node_hints" javaclass="com.wm.util.Values">
      <value name="field_usereditable">true</value>
      <value name="field_largerEditor">false</value>
      <value name="field_password">false</value>
    </record>
    <value name="is_public">false</value>
    <value name="field_name">edidata</value>
    <value name="field_type">string</value>
    <value name="field_dim">0</value>
    <array name="field_options" type="value" depth="1">
    </array>
    <value name="nillable">false</value>
    <value name="form_qualified">false</value>
    <value name="is_global">false</value>
  </record>
</Values>
</DATA>
</MAPSET>

<MAPSET NAME="Setter" OVERWRITE="true" VARIABLES="false" GLOBALVARIABLES="false" FIELD="/configuration;2;0/signingScope;1;0">
  <DATA ENCODING="XMLValues" I18N="true">

<Values version="2.0">
  <value name="xml">Interchange</value>
  <record name="type" javaclass="com.wm.util.Values">
    <value name="node_type">record</value>
    <value name="node_subtype">unknown</value>
    <value name="node_comment"></value>
    <record name="node_hints" javaclass="com.wm.util.Values">
      <value name="field_usereditable">false</value>
      <value name="field_largerEditor">false</value>
      <value name="field_password">false</value>
    </record>
    <value name="is_public">false</value>
    <value name="field_name">signingScope</value>
    <value name="field_type">string</value>
    <value name="field_dim">0</value>
    <array name="field_options" type="value" depth="1">
      <value>Interchange</value>
      <value>Group</value>
      <value>Transaction</value>
    </array>
    <value name="nillable">false</value>
    <value name="form_qualified">false</value>
    <value name="is_global">false</value>
  </record>
</Values>
</DATA>
</MAPSET>

<MAPSET NAME="Setter" OVERWRITE="true" VARIABLES="false" GLOBALVARIABLES="false" FIELD="/configuration;2;0/digestAlgorithm;1;0">
  <DATA ENCODING="XMLValues" I18N="true">

<Values version="2.0">
  <value name="xml">SHA1</value>
  <record name="type" javaclass="com.wm.util.Values">
    <value name="node_type">record</value>
    <value name="node_subtype">unknown</value>
    <value name="node_comment"></value>
    <record name="node_hints" javaclass="com.wm.util.Values">
      <value name="field_usereditable">false</value>
      <value name="field_largerEditor">false</value>
      <value name="field_password">false</value>
    </record>
    <value name="is_public">false</value>
    <value name="field_name">digestAlgorithm</value>
    <value name="field_type">string</value>
    <value name="field_dim">0</value>
    <array name="field_options" type="value" depth="1">
      <value>SHA1</value>
      <value>MD5</value>
      <value>RIPEMD160</value>
    </array>
    <value name="nillable">false</value>
    <value name="form_qualified">false</value>
    <value name="is_global">false</value>
  </record>
</Values>
</DATA>
</MAPSET>

<MAPSET NAME="Setter" OVERWRITE="true" VARIABLES="false" GLOBALVARIABLES="false" FIELD="/configuration;2;0/paddingAlgorithm;1;0">
  <DATA ENCODING="XMLValues" I18N="true">

<Values version="2.0">
  <value name="xml">ISO9796-2</value>
  <record name="type" javaclass="com.wm.util.Values">
    <value name="node_type">record</value>
    <value name="node_subtype">unknown</value>
    <value name="node_comment"></value>
    <record name="node_hints" javaclass="com.wm.util.Values">
      <value name="field_usereditable">false</value>
      <value name="field_largerEditor">false</value>
      <value name="field_password">false</value>
    </record>
    <value name="is_public">false</value>
    <value name="field_name">paddingAlgorithm</value>
    <value name="field_type">string</value>
    <value name="field_dim">0</value>
    <array name="field_options" type="value" depth="1">
      <value>ISO9796-2</value>
    </array>
    <value name="nillable">false</value>
    <value name="form_qualified">false</value>
    <value name="is_global">false</value>
  </record>
</Values>
</DATA>
</MAPSET>

<MAPSET NAME="Setter" OVERWRITE="true" VARIABLES="false" GLOBALVARIABLES="false" FIELD="/configuration;2;0/signingAlgorithm;1;0">
  <DATA ENCODING="XMLValues" I18N="true">

<Values version="2.0">
  <value name="xml">RSA</value>
  <record name="type" javaclass="com.wm.util.Values">
    <value name="node_type">record</value>
    <value name="node_subtype">unknown</value>
    <value name="node_comment"></value>
    <record name="node_hints" javaclass="com.wm.util.Values">
      <value name="field_usereditable">false</value>
      <value name="field_largerEditor">false</value>
      <value name="field_password">false</value>
    </record>
    <value name="is_public">false</value>
    <value name="field_name">signingAlgorithm</value>
    <value name="field_type">string</value>
    <value name="field_dim">0</value>
    <array name="field_options" type="value" depth="1">
      <value>RSA</value>
    </array>
    <value name="nillable">false</value>
    <value name="form_qualified">false</value>
    <value name="is_global">false</value>
  </record>
</Values>
</DATA>
</MAPSET>

<MAPSET NAME="Setter" OVERWRITE="true" VARIABLES="false" GLOBALVARIABLES="false" FIELD="/configuration;2;0/filteringAlgorithm;1;0">
  <DATA ENCODING="XMLValues" I18N="true">

<Values version="2.0">
  <value name="xml">Hexadecimal</value>
  <record name="type" javaclass="com.wm.util.Values">
    <value name="node_type">record</value>
    <value name="node_subtype">unknown</value>
    <value name="node_comment"></value>
    <record name="node_hints" javaclass="com.wm.util.Values">
      <value name="field_usereditable">false</value>
      <value name="field_largerEditor">false</value>
      <value name="field_password">false</value>
    </record>
    <value name="is_public">false</value>
    <value name="field_name">filteringAlgorithm</value>
    <value name="field_type">string</value>
    <value name="field_dim">0</value>
    <array name="field_options" type="value" depth="1">
      <value>Hexadecimal</value>
    </array>
    <value name="nillable">false</value>
    <value name="form_qualified">false</value>
    <value name="is_global">false</value>
  </record>
</Values>
</DATA>
</MAPSET>

<MAPSET NAME="Setter" OVERWRITE="true" VARIABLES="false" GLOBALVARIABLES="false" FIELD="/configuration;2;0/characterSetEncoding;1;0">
  <DATA ENCODING="XMLValues" I18N="true">

<Values version="2.0">
  <value name="xml">ASCII</value>
  <record name="type" javaclass="com.wm.util.Values">
    <value name="node_type">record</value>
    <value name="node_subtype">unknown</value>
    <value name="node_comment"></value>
    <record name="node_hints" javaclass="com.wm.util.Values">
      <value name="field_usereditable">false</value>
      <value name="field_largerEditor">false</value>
      <value name="field_password">false</value>
    </record>
    <value name="is_public">false</value>
    <value name="field_name">characterSetEncoding</value>
    <value name="field_type">string</value>
    <value name="field_dim">0</value>
    <array name="field_options" type="value" depth="1">
      <value>ASCII</value>
      <value>ISO8859-1</value>
      <value>ISO8859-15</value>
      <value>Cp850</value>
      <value>Cp500</value>
    </array>
    <value name="nillable">false</value>
    <value name="form_qualified">false</value>
    <value name="is_global">false</value>
  </record>
</Values>
</DATA>
</MAPSET>
</MAP>

<MAP MODE="OUTPUT">
  <MAPTARGET>

<Values version="2.0">
  <record name="xml" javaclass="com.wm.util.Values">
    <value name="node_type">record</value>
    <value name="node_subtype">unknown</value>
    <value name="is_public">false</value>
    <value name="field_type">record</value>
    <value name="field_dim">0</value>
    <value name="wrapper_type">IData</value>
    <value name="nillable">true</value>
    <value name="form_qualified">false</value>
    <value name="is_global">false</value>
    <array name="rec_fields" type="record" depth="1">
      <record javaclass="com.wm.util.Values">
        <value name="node_type">unknown</value>
        <value name="node_subtype">unknown</value>
        <value name="is_public">false</value>
        <value name="field_name">edidata</value>
        <value name="field_type">string</value>
        <value name="field_dim">0</value>
        <value name="nillable">true</value>
        <value name="form_qualified">false</value>
        <value name="is_global">false</value>
      </record>
      <record javaclass="com.wm.util.Values">
        <value name="node_type">record</value>
        <value name="node_subtype">unknown</value>
        <value name="is_public">false</value>
        <value name="field_name">configuration</value>
        <value name="field_type">record</value>
        <value name="field_dim">0</value>
        <value name="wrapper_type">IData</value>
        <value name="nillable">true</value>
        <value name="form_qualified">false</value>
        <value name="is_global">false</value>
        <array name="rec_fields" type="record" depth="1">
          <record javaclass="com.wm.util.Values">
            <value name="node_type">unknown</value>
            <value name="node_subtype">unknown</value>
            <value name="is_public">false</value>
            <value name="field_name">signingScope</value>
            <value name="field_type">string</value>
            <value name="field_dim">0</value>
            <value name="nillable">true</value>
            <value name="form_qualified">false</value>
            <value name="is_global">false</value>
          </record>
          <record javaclass="com.wm.util.Values">
            <value name="node_type">unknown</value>
            <value name="node_subtype">unknown</value>
            <value name="is_public">false</value>
            <value name="field_name">digestAlgorithm</value>
            <value name="field_type">string</value>
            <value name="field_dim">0</value>
            <value name="nillable">true</value>
            <value name="form_qualified">false</value>
            <value name="is_global">false</value>
          </record>
          <record javaclass="com.wm.util.Values">
            <value name="node_type">unknown</value>
            <value name="node_subtype">unknown</value>
            <value name="is_public">false</value>
            <value name="field_name">paddingAlgorithm</value>
            <value name="field_type">string</value>
            <value name="field_dim">0</value>
            <value name="nillable">true</value>
            <value name="form_qualified">false</value>
            <value name="is_global">false</value>
          </record>
          <record javaclass="com.wm.util.Values">
            <value name="node_type">unknown</value>
            <value name="node_subtype">unknown</value>
            <value name="is_public">false</value>
            <value name="field_name">signingAlgorithm</value>
            <value name="field_type">string</value>
            <value name="field_dim">0</value>
            <value name="nillable">true</value>
            <value name="form_qualified">false</value>
            <value name="is_global">false</value>
          </record>
          <record javaclass="com.wm.util.Values">
            <value name="node_type">unknown</value>
            <value name="node_subtype">unknown</value>
            <value name="is_public">false</value>
            <value name="field_name">filteringAlgorithm</value>
            <value name="field_type">string</value>
            <value name="field_dim">0</value>
            <value name="nillable">true</value>
            <value name="form_qualified">false</value>
            <value name="is_global">false</value>
          </record>
          <record javaclass="com.wm.util.Values">
            <value name="node_type">unknown</value>
            <value name="node_subtype">unknown</value>
            <value name="is_public">false</value>
            <value name="field_name">characterSetEncoding</value>
            <value name="field_type">string</value>
            <value name="field_dim">0</value>
            <value name="nillable">true</value>
            <value name="form_qualified">false</value>
            <value name="is_global">false</value>
          </record>
        </array>
        <value name="modifiable">true</value>
      </record>
      <record javaclass="com.wm.util.Values">
        <value name="node_type">record</value>
        <value name="node_subtype">unknown</value>
        <value name="node_comment"></value>
        <record name="node_hints" javaclass="com.wm.util.Values">
          <value name="field_usereditable">true</value>
          <value name="field_largerEditor">false</value>
          <value name="field_password">false</value>
        </record>
        <value name="is_public">false</value>
        <value name="field_name">autackMessage</value>
        <value name="field_type">string</value>
        <value name="field_dim">0</value>
        <array name="field_options" type="value" depth="1">
        </array>
        <value name="nillable">true</value>
        <value name="form_qualified">false</value>
        <value name="is_global">false</value>
      </record>
    </array>
    <value name="modifiable">true</value>
  </record>
</Values>
</MAPTARGET>
  <MAPSOURCE>

<Values version="2.0">
  <record name="xml" javaclass="com.wm.util.Values">
    <value name="node_type">record</value>
    <value name="node_subtype">unknown</value>
    <value name="is_public">false</value>
    <value name="field_type">record</value>
    <value name="field_dim">0</value>
    <value name="wrapper_type">IData</value>
    <value name="nillable">true</value>
    <value name="form_qualified">false</value>
    <value name="is_global">false</value>
    <array name="rec_fields" type="record" depth="1">
    </array>
    <value name="modifiable">true</value>
  </record>
</Values>
</MAPSOURCE>

  <!-- nodes -->

<MAPDELETE FIELD="/configuration;2;0">
</MAPDELETE>

<MAPDELETE FIELD="/edidata;1;0">
</MAPDELETE>
</MAP>
</INVOKE>

<INVOKE TIMEOUT="" SERVICE="wm.b2b.edi.eancom:processAUTACK" VALIDATE-IN="$none" VALIDATE-OUT="$none">
  <COMMENT></COMMENT>

  <!-- nodes -->

<MAP MODE="INPUT">
</MAP>
</INVOKE>

<INVOKE TIMEOUT="" SERVICE="pub.flow:clearPipeline" VALIDATE-IN="$none" VALIDATE-OUT="$none">
  <COMMENT></COMMENT>

  <!-- nodes -->

<MAP MODE="INPUT">
  <MAPTARGET>

<Values version="2.0">
  <record name="xml" javaclass="com.wm.util.Values">
    <value name="node_type">record</value>
    <value name="node_subtype">unknown</value>
    <value name="is_public">false</value>
    <value name="field_name">clearPipelineInput</value>
    <value name="field_type">record</value>
    <value name="field_dim">0</value>
    <value name="wrapper_type">IData</value>
    <value name="nillable">true</value>
    <value name="form_qualified">false</value>
    <value name="is_global">false</value>
    <array name="rec_fields" type="record" depth="1">
      <record javaclass="com.wm.util.Values">
        <value name="node_type">field</value>
        <value name="node_subtype">unknown</value>
        <value name="is_public">false</value>
        <value name="field_name">preserve</value>
        <value name="field_type">string</value>
        <value name="field_dim">1</value>
        <value name="field_opt">true</value>
        <value name="nillable">true</value>
        <value name="form_qualified">false</value>
        <value name="is_global">false</value>
        <value name="is_soap_array_encoding_used">false</value>
      </record>
    </array>
    <value name="modifiable">true</value>
  </record>
</Values>
</MAPTARGET>
  <MAPSOURCE>

<Values version="2.0">
  <record name="xml" javaclass="com.wm.util.Values">
    <value name="node_type">record</value>
    <value name="node_subtype">unknown</value>
    <value name="is_public">false</value>
    <value name="field_type">record</value>
    <value name="field_dim">0</value>
    <value name="wrapper_type">IData</value>
    <value name="nillable">true</value>
    <value name="form_qualified">false</value>
    <value name="is_global">false</value>
    <array name="rec_fields" type="record" depth="1">
    </array>
    <value name="modifiable">true</value>
  </record>
</Values>
</MAPSOURCE>

  <!-- nodes -->

<MAPSET NAME="Setter" OVERWRITE="true" VARIABLES="false" GLOBALVARIABLES="false" FIELD="/preserve;1;1">
  <DATA ENCODING="XMLValues" I18N="true">

<Values version="2.0">
  <array name="xml" type="value" depth="1">
    <value>authenticatedMessages</value>
    <value>unauthenticatedMessages</value>
    <value>warnings</value>
    <value>autackMessage</value>
  </array>
  <record name="type" javaclass="com.wm.util.Values">
    <value name="node_type">field</value>
    <value name="node_subtype">unknown</value>
    <value name="is_public">false</value>
    <value name="field_name">preserve</value>
    <value name="field_type">string</value>
    <value name="field_dim">1</value>
    <value name="field_opt">true</value>
    <value name="nillable">true</value>
    <value name="form_qualified">false</value>
    <value name="is_global">false</value>
    <value name="is_soap_array_encoding_used">false</value>
  </record>
</Values>
</DATA>
</MAPSET>
</MAP>
</INVOKE>
</FLOW>
